--
-- PostgreSQL database dump
--

\restrict 6TRfYVKXcr7bAVXxfuN9JrjU6hZZSkLROFMQKnC5aqvhCHrEQF2ggIc714mOtFF

-- Dumped from database version 15.14
-- Dumped by pg_dump version 15.14

SET statement_timeout = 0;
SET lock_timeout = 0;
SET idle_in_transaction_session_timeout = 0;
SET client_encoding = 'UTF8';
SET standard_conforming_strings = on;
SELECT pg_catalog.set_config('search_path', '', false);
SET check_function_bodies = false;
SET xmloption = content;
SET client_min_messages = warning;
SET row_security = off;

SET default_tablespace = '';

SET default_table_access_method = heap;

--
-- Name: auth_group; Type: TABLE; Schema: public; Owner: postgres
--

CREATE TABLE public.auth_group (
    id integer NOT NULL,
    name character varying(150) NOT NULL
);


ALTER TABLE public.auth_group OWNER TO postgres;

--
-- Name: auth_group_id_seq; Type: SEQUENCE; Schema: public; Owner: postgres
--

ALTER TABLE public.auth_group ALTER COLUMN id ADD GENERATED BY DEFAULT AS IDENTITY (
    SEQUENCE NAME public.auth_group_id_seq
    START WITH 1
    INCREMENT BY 1
    NO MINVALUE
    NO MAXVALUE
    CACHE 1
);


--
-- Name: auth_group_permissions; Type: TABLE; Schema: public; Owner: postgres
--

CREATE TABLE public.auth_group_permissions (
    id bigint NOT NULL,
    group_id integer NOT NULL,
    permission_id integer NOT NULL
);


ALTER TABLE public.auth_group_permissions OWNER TO postgres;

--
-- Name: auth_group_permissions_id_seq; Type: SEQUENCE; Schema: public; Owner: postgres
--

ALTER TABLE public.auth_group_permissions ALTER COLUMN id ADD GENERATED BY DEFAULT AS IDENTITY (
    SEQUENCE NAME public.auth_group_permissions_id_seq
    START WITH 1
    INCREMENT BY 1
    NO MINVALUE
    NO MAXVALUE
    CACHE 1
);


--
-- Name: auth_permission; Type: TABLE; Schema: public; Owner: postgres
--

CREATE TABLE public.auth_permission (
    id integer NOT NULL,
    name character varying(255) NOT NULL,
    content_type_id integer NOT NULL,
    codename character varying(100) NOT NULL
);


ALTER TABLE public.auth_permission OWNER TO postgres;

--
-- Name: auth_permission_id_seq; Type: SEQUENCE; Schema: public; Owner: postgres
--

ALTER TABLE public.auth_permission ALTER COLUMN id ADD GENERATED BY DEFAULT AS IDENTITY (
    SEQUENCE NAME public.auth_permission_id_seq
    START WITH 1
    INCREMENT BY 1
    NO MINVALUE
    NO MAXVALUE
    CACHE 1
);


--
-- Name: auth_user; Type: TABLE; Schema: public; Owner: postgres
--

CREATE TABLE public.auth_user (
    id integer NOT NULL,
    password character varying(128) NOT NULL,
    last_login timestamp with time zone,
    is_superuser boolean NOT NULL,
    username character varying(150) NOT NULL,
    first_name character varying(150) NOT NULL,
    last_name character varying(150) NOT NULL,
    email character varying(254) NOT NULL,
    is_staff boolean NOT NULL,
    is_active boolean NOT NULL,
    date_joined timestamp with time zone NOT NULL
);


ALTER TABLE public.auth_user OWNER TO postgres;

--
-- Name: auth_user_groups; Type: TABLE; Schema: public; Owner: postgres
--

CREATE TABLE public.auth_user_groups (
    id bigint NOT NULL,
    user_id integer NOT NULL,
    group_id integer NOT NULL
);


ALTER TABLE public.auth_user_groups OWNER TO postgres;

--
-- Name: auth_user_groups_id_seq; Type: SEQUENCE; Schema: public; Owner: postgres
--

ALTER TABLE public.auth_user_groups ALTER COLUMN id ADD GENERATED BY DEFAULT AS IDENTITY (
    SEQUENCE NAME public.auth_user_groups_id_seq
    START WITH 1
    INCREMENT BY 1
    NO MINVALUE
    NO MAXVALUE
    CACHE 1
);


--
-- Name: auth_user_id_seq; Type: SEQUENCE; Schema: public; Owner: postgres
--

ALTER TABLE public.auth_user ALTER COLUMN id ADD GENERATED BY DEFAULT AS IDENTITY (
    SEQUENCE NAME public.auth_user_id_seq
    START WITH 1
    INCREMENT BY 1
    NO MINVALUE
    NO MAXVALUE
    CACHE 1
);


--
-- Name: auth_user_user_permissions; Type: TABLE; Schema: public; Owner: postgres
--

CREATE TABLE public.auth_user_user_permissions (
    id bigint NOT NULL,
    user_id integer NOT NULL,
    permission_id integer NOT NULL
);


ALTER TABLE public.auth_user_user_permissions OWNER TO postgres;

--
-- Name: auth_user_user_permissions_id_seq; Type: SEQUENCE; Schema: public; Owner: postgres
--

ALTER TABLE public.auth_user_user_permissions ALTER COLUMN id ADD GENERATED BY DEFAULT AS IDENTITY (
    SEQUENCE NAME public.auth_user_user_permissions_id_seq
    START WITH 1
    INCREMENT BY 1
    NO MINVALUE
    NO MAXVALUE
    CACHE 1
);


--
-- Name: django_admin_log; Type: TABLE; Schema: public; Owner: postgres
--

CREATE TABLE public.django_admin_log (
    id integer NOT NULL,
    action_time timestamp with time zone NOT NULL,
    object_id text,
    object_repr character varying(200) NOT NULL,
    action_flag smallint NOT NULL,
    change_message text NOT NULL,
    content_type_id integer,
    user_id integer NOT NULL,
    CONSTRAINT django_admin_log_action_flag_check CHECK ((action_flag >= 0))
);


ALTER TABLE public.django_admin_log OWNER TO postgres;

--
-- Name: django_admin_log_id_seq; Type: SEQUENCE; Schema: public; Owner: postgres
--

ALTER TABLE public.django_admin_log ALTER COLUMN id ADD GENERATED BY DEFAULT AS IDENTITY (
    SEQUENCE NAME public.django_admin_log_id_seq
    START WITH 1
    INCREMENT BY 1
    NO MINVALUE
    NO MAXVALUE
    CACHE 1
);


--
-- Name: django_content_type; Type: TABLE; Schema: public; Owner: postgres
--

CREATE TABLE public.django_content_type (
    id integer NOT NULL,
    app_label character varying(100) NOT NULL,
    model character varying(100) NOT NULL
);


ALTER TABLE public.django_content_type OWNER TO postgres;

--
-- Name: django_content_type_id_seq; Type: SEQUENCE; Schema: public; Owner: postgres
--

ALTER TABLE public.django_content_type ALTER COLUMN id ADD GENERATED BY DEFAULT AS IDENTITY (
    SEQUENCE NAME public.django_content_type_id_seq
    START WITH 1
    INCREMENT BY 1
    NO MINVALUE
    NO MAXVALUE
    CACHE 1
);


--
-- Name: django_migrations; Type: TABLE; Schema: public; Owner: postgres
--

CREATE TABLE public.django_migrations (
    id bigint NOT NULL,
    app character varying(255) NOT NULL,
    name character varying(255) NOT NULL,
    applied timestamp with time zone NOT NULL
);


ALTER TABLE public.django_migrations OWNER TO postgres;

--
-- Name: django_migrations_id_seq; Type: SEQUENCE; Schema: public; Owner: postgres
--

ALTER TABLE public.django_migrations ALTER COLUMN id ADD GENERATED BY DEFAULT AS IDENTITY (
    SEQUENCE NAME public.django_migrations_id_seq
    START WITH 1
    INCREMENT BY 1
    NO MINVALUE
    NO MAXVALUE
    CACHE 1
);


--
-- Name: django_session; Type: TABLE; Schema: public; Owner: postgres
--

CREATE TABLE public.django_session (
    session_key character varying(40) NOT NULL,
    session_data text NOT NULL,
    expire_date timestamp with time zone NOT NULL
);


ALTER TABLE public.django_session OWNER TO postgres;

--
-- Name: initiatives_initiative; Type: TABLE; Schema: public; Owner: postgres
--

CREATE TABLE public.initiatives_initiative (
    id bigint NOT NULL,
    created_at timestamp with time zone NOT NULL,
    updated_at timestamp with time zone NOT NULL,
    name character varying(200) NOT NULL,
    description text NOT NULL,
    start_date date,
    end_date date,
    coordinator_id bigint NOT NULL,
    parent_id bigint,
    type_id bigint NOT NULL,
    demanding_partner_id bigint,
    CONSTRAINT end_date_after_start_date CHECK ((end_date >= start_date))
);


ALTER TABLE public.initiatives_initiative OWNER TO postgres;

--
-- Name: initiatives_initiative_id_seq; Type: SEQUENCE; Schema: public; Owner: postgres
--

ALTER TABLE public.initiatives_initiative ALTER COLUMN id ADD GENERATED BY DEFAULT AS IDENTITY (
    SEQUENCE NAME public.initiatives_initiative_id_seq
    START WITH 1
    INCREMENT BY 1
    NO MINVALUE
    NO MAXVALUE
    CACHE 1
);


--
-- Name: initiatives_initiative_knowledge_areas; Type: TABLE; Schema: public; Owner: postgres
--

CREATE TABLE public.initiatives_initiative_knowledge_areas (
    id bigint NOT NULL,
    initiative_id bigint NOT NULL,
    knowledgearea_id bigint NOT NULL
);


ALTER TABLE public.initiatives_initiative_knowledge_areas OWNER TO postgres;

--
-- Name: initiatives_initiative_knowledge_areas_id_seq; Type: SEQUENCE; Schema: public; Owner: postgres
--

ALTER TABLE public.initiatives_initiative_knowledge_areas ALTER COLUMN id ADD GENERATED BY DEFAULT AS IDENTITY (
    SEQUENCE NAME public.initiatives_initiative_knowledge_areas_id_seq
    START WITH 1
    INCREMENT BY 1
    NO MINVALUE
    NO MAXVALUE
    CACHE 1
);


--
-- Name: initiatives_initiative_students; Type: TABLE; Schema: public; Owner: postgres
--

CREATE TABLE public.initiatives_initiative_students (
    id bigint NOT NULL,
    initiative_id bigint NOT NULL,
    person_id bigint NOT NULL
);


ALTER TABLE public.initiatives_initiative_students OWNER TO postgres;

--
-- Name: initiatives_initiative_students_id_seq; Type: SEQUENCE; Schema: public; Owner: postgres
--

ALTER TABLE public.initiatives_initiative_students ALTER COLUMN id ADD GENERATED BY DEFAULT AS IDENTITY (
    SEQUENCE NAME public.initiatives_initiative_students_id_seq
    START WITH 1
    INCREMENT BY 1
    NO MINVALUE
    NO MAXVALUE
    CACHE 1
);


--
-- Name: initiatives_initiative_team_members; Type: TABLE; Schema: public; Owner: postgres
--

CREATE TABLE public.initiatives_initiative_team_members (
    id bigint NOT NULL,
    initiative_id bigint NOT NULL,
    person_id bigint NOT NULL
);


ALTER TABLE public.initiatives_initiative_team_members OWNER TO postgres;

--
-- Name: initiatives_initiative_team_members_id_seq; Type: SEQUENCE; Schema: public; Owner: postgres
--

ALTER TABLE public.initiatives_initiative_team_members ALTER COLUMN id ADD GENERATED BY DEFAULT AS IDENTITY (
    SEQUENCE NAME public.initiatives_initiative_team_members_id_seq
    START WITH 1
    INCREMENT BY 1
    NO MINVALUE
    NO MAXVALUE
    CACHE 1
);


--
-- Name: initiatives_initiativetype; Type: TABLE; Schema: public; Owner: postgres
--

CREATE TABLE public.initiatives_initiativetype (
    id bigint NOT NULL,
    created_at timestamp with time zone NOT NULL,
    updated_at timestamp with time zone NOT NULL,
    name character varying(50) NOT NULL,
    code character varying(20) NOT NULL,
    description text NOT NULL,
    is_active boolean NOT NULL
);


ALTER TABLE public.initiatives_initiativetype OWNER TO postgres;

--
-- Name: initiatives_initiativetype_id_seq; Type: SEQUENCE; Schema: public; Owner: postgres
--

ALTER TABLE public.initiatives_initiativetype ALTER COLUMN id ADD GENERATED BY DEFAULT AS IDENTITY (
    SEQUENCE NAME public.initiatives_initiativetype_id_seq
    START WITH 1
    INCREMENT BY 1
    NO MINVALUE
    NO MAXVALUE
    CACHE 1
);


--
-- Name: organizational_group_campus; Type: TABLE; Schema: public; Owner: postgres
--

CREATE TABLE public.organizational_group_campus (
    id bigint NOT NULL,
    created_at timestamp with time zone NOT NULL,
    updated_at timestamp with time zone NOT NULL,
    name character varying(200) NOT NULL,
    code character varying(20) NOT NULL,
    location character varying(300) NOT NULL
);


ALTER TABLE public.organizational_group_campus OWNER TO postgres;

--
-- Name: organizational_group_campus_id_seq; Type: SEQUENCE; Schema: public; Owner: postgres
--

ALTER TABLE public.organizational_group_campus ALTER COLUMN id ADD GENERATED BY DEFAULT AS IDENTITY (
    SEQUENCE NAME public.organizational_group_campus_id_seq
    START WITH 1
    INCREMENT BY 1
    NO MINVALUE
    NO MAXVALUE
    CACHE 1
);


--
-- Name: organizational_group_knowledgearea; Type: TABLE; Schema: public; Owner: postgres
--

CREATE TABLE public.organizational_group_knowledgearea (
    id bigint NOT NULL,
    created_at timestamp with time zone NOT NULL,
    updated_at timestamp with time zone NOT NULL,
    name character varying(200) NOT NULL,
    description text NOT NULL
);


ALTER TABLE public.organizational_group_knowledgearea OWNER TO postgres;

--
-- Name: organizational_group_knowledgearea_id_seq; Type: SEQUENCE; Schema: public; Owner: postgres
--

ALTER TABLE public.organizational_group_knowledgearea ALTER COLUMN id ADD GENERATED BY DEFAULT AS IDENTITY (
    SEQUENCE NAME public.organizational_group_knowledgearea_id_seq
    START WITH 1
    INCREMENT BY 1
    NO MINVALUE
    NO MAXVALUE
    CACHE 1
);


--
-- Name: organizational_group_organization; Type: TABLE; Schema: public; Owner: postgres
--

CREATE TABLE public.organizational_group_organization (
    id bigint NOT NULL,
    created_at timestamp with time zone NOT NULL,
    updated_at timestamp with time zone NOT NULL,
    name character varying(200) NOT NULL,
    description text NOT NULL
);


ALTER TABLE public.organizational_group_organization OWNER TO postgres;

--
-- Name: organizational_group_organization_id_seq; Type: SEQUENCE; Schema: public; Owner: postgres
--

ALTER TABLE public.organizational_group_organization ALTER COLUMN id ADD GENERATED BY DEFAULT AS IDENTITY (
    SEQUENCE NAME public.organizational_group_organization_id_seq
    START WITH 1
    INCREMENT BY 1
    NO MINVALUE
    NO MAXVALUE
    CACHE 1
);


--
-- Name: organizational_group_organizationaltype; Type: TABLE; Schema: public; Owner: postgres
--

CREATE TABLE public.organizational_group_organizationaltype (
    id bigint NOT NULL,
    created_at timestamp with time zone NOT NULL,
    updated_at timestamp with time zone NOT NULL,
    name character varying(100) NOT NULL,
    code character varying(50) NOT NULL,
    description text NOT NULL
);


ALTER TABLE public.organizational_group_organizationaltype OWNER TO postgres;

--
-- Name: organizational_group_organizationaltype_id_seq; Type: SEQUENCE; Schema: public; Owner: postgres
--

ALTER TABLE public.organizational_group_organizationaltype ALTER COLUMN id ADD GENERATED BY DEFAULT AS IDENTITY (
    SEQUENCE NAME public.organizational_group_organizationaltype_id_seq
    START WITH 1
    INCREMENT BY 1
    NO MINVALUE
    NO MAXVALUE
    CACHE 1
);


--
-- Name: organizational_group_organizationalunit; Type: TABLE; Schema: public; Owner: postgres
--

CREATE TABLE public.organizational_group_organizationalunit (
    id bigint NOT NULL,
    created_at timestamp with time zone NOT NULL,
    updated_at timestamp with time zone NOT NULL,
    name character varying(200) NOT NULL,
    short_name character varying(50) NOT NULL,
    url character varying(200) NOT NULL,
    campus_id bigint NOT NULL,
    knowledge_area_id bigint,
    organization_id bigint,
    type_id bigint
);


ALTER TABLE public.organizational_group_organizationalunit OWNER TO postgres;

--
-- Name: organizational_group_organizationalunit_id_seq; Type: SEQUENCE; Schema: public; Owner: postgres
--

ALTER TABLE public.organizational_group_organizationalunit ALTER COLUMN id ADD GENERATED BY DEFAULT AS IDENTITY (
    SEQUENCE NAME public.organizational_group_organizationalunit_id_seq
    START WITH 1
    INCREMENT BY 1
    NO MINVALUE
    NO MAXVALUE
    CACHE 1
);


--
-- Name: organizational_group_organizationalunit_initiatives; Type: TABLE; Schema: public; Owner: postgres
--

CREATE TABLE public.organizational_group_organizationalunit_initiatives (
    id bigint NOT NULL,
    organizationalunit_id bigint NOT NULL,
    initiative_id bigint NOT NULL
);


ALTER TABLE public.organizational_group_organizationalunit_initiatives OWNER TO postgres;

--
-- Name: organizational_group_organizationalunit_initiatives_id_seq; Type: SEQUENCE; Schema: public; Owner: postgres
--

ALTER TABLE public.organizational_group_organizationalunit_initiatives ALTER COLUMN id ADD GENERATED BY DEFAULT AS IDENTITY (
    SEQUENCE NAME public.organizational_group_organizationalunit_initiatives_id_seq
    START WITH 1
    INCREMENT BY 1
    NO MINVALUE
    NO MAXVALUE
    CACHE 1
);


--
-- Name: organizational_group_organizationalunit_knowledge_areas; Type: TABLE; Schema: public; Owner: postgres
--

CREATE TABLE public.organizational_group_organizationalunit_knowledge_areas (
    id bigint NOT NULL,
    organizationalunit_id bigint NOT NULL,
    knowledgearea_id bigint NOT NULL
);


ALTER TABLE public.organizational_group_organizationalunit_knowledge_areas OWNER TO postgres;

--
-- Name: organizational_group_organizationalunit_knowledge_areas_id_seq; Type: SEQUENCE; Schema: public; Owner: postgres
--

ALTER TABLE public.organizational_group_organizationalunit_knowledge_areas ALTER COLUMN id ADD GENERATED BY DEFAULT AS IDENTITY (
    SEQUENCE NAME public.organizational_group_organizationalunit_knowledge_areas_id_seq
    START WITH 1
    INCREMENT BY 1
    NO MINVALUE
    NO MAXVALUE
    CACHE 1
);


--
-- Name: organizational_group_organizationalunit_members; Type: TABLE; Schema: public; Owner: postgres
--

CREATE TABLE public.organizational_group_organizationalunit_members (
    id bigint NOT NULL,
    organizationalunit_id bigint NOT NULL,
    person_id bigint NOT NULL
);


ALTER TABLE public.organizational_group_organizationalunit_members OWNER TO postgres;

--
-- Name: organizational_group_organizationalunit_members_id_seq; Type: SEQUENCE; Schema: public; Owner: postgres
--

ALTER TABLE public.organizational_group_organizationalunit_members ALTER COLUMN id ADD GENERATED BY DEFAULT AS IDENTITY (
    SEQUENCE NAME public.organizational_group_organizationalunit_members_id_seq
    START WITH 1
    INCREMENT BY 1
    NO MINVALUE
    NO MAXVALUE
    CACHE 1
);


--
-- Name: organizational_group_organizationalunitleadership; Type: TABLE; Schema: public; Owner: postgres
--

CREATE TABLE public.organizational_group_organizationalunitleadership (
    id bigint NOT NULL,
    created_at timestamp with time zone NOT NULL,
    updated_at timestamp with time zone NOT NULL,
    start_date date NOT NULL,
    end_date date,
    is_active boolean NOT NULL,
    person_id bigint NOT NULL,
    unit_id bigint NOT NULL,
    CONSTRAINT end_date_after_start_date_leadership CHECK (((end_date >= start_date) OR (end_date IS NULL)))
);


ALTER TABLE public.organizational_group_organizationalunitleadership OWNER TO postgres;

--
-- Name: organizational_group_organizationalunitleadership_id_seq; Type: SEQUENCE; Schema: public; Owner: postgres
--

ALTER TABLE public.organizational_group_organizationalunitleadership ALTER COLUMN id ADD GENERATED BY DEFAULT AS IDENTITY (
    SEQUENCE NAME public.organizational_group_organizationalunitleadership_id_seq
    START WITH 1
    INCREMENT BY 1
    NO MINVALUE
    NO MAXVALUE
    CACHE 1
);


--
-- Name: people_person; Type: TABLE; Schema: public; Owner: postgres
--

CREATE TABLE public.people_person (
    id bigint NOT NULL,
    created_at timestamp with time zone NOT NULL,
    updated_at timestamp with time zone NOT NULL,
    name character varying(200) NOT NULL,
    email character varying(254)
);


ALTER TABLE public.people_person OWNER TO postgres;

--
-- Name: people_person_id_seq; Type: SEQUENCE; Schema: public; Owner: postgres
--

ALTER TABLE public.people_person ALTER COLUMN id ADD GENERATED BY DEFAULT AS IDENTITY (
    SEQUENCE NAME public.people_person_id_seq
    START WITH 1
    INCREMENT BY 1
    NO MINVALUE
    NO MAXVALUE
    CACHE 1
);


--
-- Name: people_personemail; Type: TABLE; Schema: public; Owner: postgres
--

CREATE TABLE public.people_personemail (
    id bigint NOT NULL,
    created_at timestamp with time zone NOT NULL,
    updated_at timestamp with time zone NOT NULL,
    email character varying(254) NOT NULL,
    is_primary boolean NOT NULL,
    person_id bigint NOT NULL
);


ALTER TABLE public.people_personemail OWNER TO postgres;

--
-- Name: people_personemail_id_seq; Type: SEQUENCE; Schema: public; Owner: postgres
--

ALTER TABLE public.people_personemail ALTER COLUMN id ADD GENERATED BY DEFAULT AS IDENTITY (
    SEQUENCE NAME public.people_personemail_id_seq
    START WITH 1
    INCREMENT BY 1
    NO MINVALUE
    NO MAXVALUE
    CACHE 1
);


--
-- Data for Name: auth_group; Type: TABLE DATA; Schema: public; Owner: postgres
--

COPY public.auth_group (id, name) FROM stdin;
\.


--
-- Data for Name: auth_group_permissions; Type: TABLE DATA; Schema: public; Owner: postgres
--

COPY public.auth_group_permissions (id, group_id, permission_id) FROM stdin;
\.


--
-- Data for Name: auth_permission; Type: TABLE DATA; Schema: public; Owner: postgres
--

COPY public.auth_permission (id, name, content_type_id, codename) FROM stdin;
1	Can add log entry	1	add_logentry
2	Can change log entry	1	change_logentry
3	Can delete log entry	1	delete_logentry
4	Can view log entry	1	view_logentry
5	Can add permission	2	add_permission
6	Can change permission	2	change_permission
7	Can delete permission	2	delete_permission
8	Can view permission	2	view_permission
9	Can add group	3	add_group
10	Can change group	3	change_group
11	Can delete group	3	delete_group
12	Can view group	3	view_group
13	Can add user	4	add_user
14	Can change user	4	change_user
15	Can delete user	4	delete_user
16	Can view user	4	view_user
17	Can add content type	5	add_contenttype
18	Can change content type	5	change_contenttype
19	Can delete content type	5	delete_contenttype
20	Can view content type	5	view_contenttype
21	Can add session	6	add_session
22	Can change session	6	change_session
23	Can delete session	6	delete_session
24	Can view session	6	view_session
25	Can add Person	7	add_person
26	Can change Person	7	change_person
27	Can delete Person	7	delete_person
28	Can view Person	7	view_person
29	Can add Person Email	8	add_personemail
30	Can change Person Email	8	change_personemail
31	Can delete Person Email	8	delete_personemail
32	Can view Person Email	8	view_personemail
33	Can add Initiative Type	9	add_initiativetype
34	Can change Initiative Type	9	change_initiativetype
35	Can delete Initiative Type	9	delete_initiativetype
36	Can view Initiative Type	9	view_initiativetype
37	Can add Initiative	10	add_initiative
38	Can change Initiative	10	change_initiative
39	Can delete Initiative	10	delete_initiative
40	Can view Initiative	10	view_initiative
41	Can add Campus	11	add_campus
42	Can change Campus	11	change_campus
43	Can delete Campus	11	delete_campus
44	Can view Campus	11	view_campus
45	Can add Knowledge Area	12	add_knowledgearea
46	Can change Knowledge Area	12	change_knowledgearea
47	Can delete Knowledge Area	12	delete_knowledgearea
48	Can view Knowledge Area	12	view_knowledgearea
49	Can add Organization	13	add_organization
50	Can change Organization	13	change_organization
51	Can delete Organization	13	delete_organization
52	Can view Organization	13	view_organization
53	Can add Organizational Type	14	add_organizationaltype
54	Can change Organizational Type	14	change_organizationaltype
55	Can delete Organizational Type	14	delete_organizationaltype
56	Can view Organizational Type	14	view_organizationaltype
57	Can add Organizational Unit	15	add_organizationalunit
58	Can change Organizational Unit	15	change_organizationalunit
59	Can delete Organizational Unit	15	delete_organizationalunit
60	Can view Organizational Unit	15	view_organizationalunit
61	Can add Organizational Unit Leadership	16	add_organizationalunitleadership
62	Can change Organizational Unit Leadership	16	change_organizationalunitleadership
63	Can delete Organizational Unit Leadership	16	delete_organizationalunitleadership
64	Can view Organizational Unit Leadership	16	view_organizationalunitleadership
\.


--
-- Data for Name: auth_user; Type: TABLE DATA; Schema: public; Owner: postgres
--

COPY public.auth_user (id, password, last_login, is_superuser, username, first_name, last_name, email, is_staff, is_active, date_joined) FROM stdin;
1	pbkdf2_sha256$600000$nHC6WAaLFnwkYoQgO7Bt3o$9U360EEFKue2u1/HLTdNSFCVxHDa6YbNyCKx762GOjU=	2025-11-10 20:22:46.860742+00	t	paulossjunior			paulossjunior@gmail.com	t	t	2025-11-10 19:01:40.513266+00
\.


--
-- Data for Name: auth_user_groups; Type: TABLE DATA; Schema: public; Owner: postgres
--

COPY public.auth_user_groups (id, user_id, group_id) FROM stdin;
\.


--
-- Data for Name: auth_user_user_permissions; Type: TABLE DATA; Schema: public; Owner: postgres
--

COPY public.auth_user_user_permissions (id, user_id, permission_id) FROM stdin;
\.


--
-- Data for Name: django_admin_log; Type: TABLE DATA; Schema: public; Owner: postgres
--

COPY public.django_admin_log (id, action_time, object_id, object_repr, action_flag, change_message, content_type_id, user_id) FROM stdin;
\.


--
-- Data for Name: django_content_type; Type: TABLE DATA; Schema: public; Owner: postgres
--

COPY public.django_content_type (id, app_label, model) FROM stdin;
1	admin	logentry
2	auth	permission
3	auth	group
4	auth	user
5	contenttypes	contenttype
6	sessions	session
7	people	person
8	people	personemail
9	initiatives	initiativetype
10	initiatives	initiative
11	organizational_group	campus
12	organizational_group	knowledgearea
13	organizational_group	organization
14	organizational_group	organizationaltype
15	organizational_group	organizationalunit
16	organizational_group	organizationalunitleadership
\.


--
-- Data for Name: django_migrations; Type: TABLE DATA; Schema: public; Owner: postgres
--

COPY public.django_migrations (id, app, name, applied) FROM stdin;
1	contenttypes	0001_initial	2025-11-10 19:01:06.140452+00
2	auth	0001_initial	2025-11-10 19:01:06.232555+00
3	admin	0001_initial	2025-11-10 19:01:06.266763+00
4	admin	0002_logentry_remove_auto_add	2025-11-10 19:01:06.277864+00
5	admin	0003_logentry_add_action_flag_choices	2025-11-10 19:01:06.290901+00
6	contenttypes	0002_remove_content_type_name	2025-11-10 19:01:06.310372+00
7	auth	0002_alter_permission_name_max_length	2025-11-10 19:01:06.320931+00
8	auth	0003_alter_user_email_max_length	2025-11-10 19:01:06.331375+00
9	auth	0004_alter_user_username_opts	2025-11-10 19:01:06.34184+00
10	auth	0005_alter_user_last_login_null	2025-11-10 19:01:06.352766+00
11	auth	0006_require_contenttypes_0002	2025-11-10 19:01:06.355357+00
12	auth	0007_alter_validators_add_error_messages	2025-11-10 19:01:06.364522+00
13	auth	0008_alter_user_username_max_length	2025-11-10 19:01:06.379456+00
14	auth	0009_alter_user_last_name_max_length	2025-11-10 19:01:06.392153+00
15	auth	0010_alter_group_name_max_length	2025-11-10 19:01:06.436077+00
16	auth	0011_update_proxy_permissions	2025-11-10 19:01:06.445593+00
17	auth	0012_alter_user_first_name_max_length	2025-11-10 19:01:06.455729+00
18	people	0001_initial	2025-11-10 19:01:06.503445+00
19	initiatives	0001_initial	2025-11-10 19:01:06.545779+00
20	organizational_group	0001_initial	2025-11-10 19:01:06.893293+00
21	initiatives	0002_initial	2025-11-10 19:01:07.100052+00
22	initiatives	0003_initiative_demanding_partner	2025-11-10 19:01:07.122526+00
23	initiatives	0004_change_demanding_partner_to_organization	2025-11-10 19:01:07.152555+00
24	sessions	0001_initial	2025-11-10 19:01:07.167754+00
\.


--
-- Data for Name: django_session; Type: TABLE DATA; Schema: public; Owner: postgres
--

COPY public.django_session (session_key, session_data, expire_date) FROM stdin;
oplj3alkxeu3k0t65cj8lejorhsc10wm	.eJxVjDsOwjAQRO_iGln4R2xK-pzB2rV3cQDZUpxUiLuTSCmgG817M28RYV1KXDvNccriKpQ4_XYI6Ul1B_kB9d5kanWZJ5S7Ig_a5dgyvW6H-3dQoJdt7Z1h5S8wkNfWsWVyW0SwyQVmTBk16Oy8GYxC1oR05sBGeTCBKFnx-QL4MzjY:1vIX9D:IzHZa0MGwHwfYy8YipanmqWsA8tzI3EMLN5EGrrKzaQ	2025-11-10 20:01:51.211676+00
77g6d8d506b8hjmui2kfzb5woq5itwb2	.eJxVjMEOwiAQRP-FsyHgIrAevfcbyAJbqRpISnsy_rtt0oMeZ96beYtA61LC2nkOUxZXocXpt4uUnlx3kB9U702mVpd5inJX5EG7HFrm1-1w_w4K9bKtAa0Z6eKRMKNCsNrmrB1FdLxlthEMAzvwGhQBeTcaTCZqe9YqJhCfL8kRNyM:1vIYM4:w8k1jPtrfIp_Xdq_ErsyafEAd3jWw5QWKLsgDIsmnEQ	2025-11-10 21:19:12.765899+00
ezx2au330m4dz3agbaq06gle34nxp2v5	.eJxVjMEOwiAQRP-FsyHgIrAevfcbyAJbqRpISnsy_rtt0oMeZ96beYtA61LC2nkOUxZXocXpt4uUnlx3kB9U702mVpd5inJX5EG7HFrm1-1w_w4K9bKtAa0Z6eKRMKNCsNrmrB1FdLxlthEMAzvwGhQBeTcaTCZqe9YqJhCfL8kRNyM:1vIYPW:Klya7bDrGd3O41f6Nwl0teI2dJRzYC4F1p8d8ryExyc	2025-11-10 21:22:46.862592+00
\.


--
-- Data for Name: initiatives_initiative; Type: TABLE DATA; Schema: public; Owner: postgres
--

COPY public.initiatives_initiative (id, created_at, updated_at, name, description, start_date, end_date, coordinator_id, parent_id, type_id, demanding_partner_id) FROM stdin;
1	2025-11-10 19:02:44.233123+00	2025-11-10 19:02:44.233145+00	A Necessidade De Metodologias E Ferramentas Adequadas Para Avaliação, Desenvolvimento E Validação De Ideias No Contexto Dos Habitats E Ambientes De  Inovação.		2022-08-01	2026-12-31	425	\N	1	\N
2	2025-11-10 19:02:44.351698+00	2025-11-10 19:02:44.351718+00	Os Dados Do Enem Mapeados Por Município Do Espírito Santo		2022-08-01	2025-07-31	346	\N	1	\N
3	2025-11-10 19:02:44.383574+00	2025-11-10 19:02:44.451176+00	Implantação De Uma Estação Meteorológica Automática Para Estudos De Geração De Energia E Planejamento Energético		2022-08-01	2029-12-31	122	\N	1	2
4	2025-11-10 19:02:44.462986+00	2025-11-10 19:02:44.535859+00	Mina Digital De Rochas Ornamentais: Plataforma De Integração Da Lavra À Comercialização Usando Tecnologia Blockchain		2022-11-28	2026-11-30	346	\N	1	4
5	2025-11-10 19:02:44.542535+00	2025-11-10 19:02:44.542545+00	Otimização Da Eficiência Energética Do Uso De Gás Na Siderurgia Usando Neuro-Evolução		2022-12-01	2026-09-30	346	\N	1	\N
6	2025-11-10 19:02:44.567242+00	2025-11-10 19:02:44.588604+00	Uso De Inteligência Artificial Para O Monitoramento Do Estado De Correias Transportadoras		2023-08-01	2026-12-30	114	\N	1	5
7	2025-11-10 19:02:44.594164+00	2025-11-10 19:02:44.604146+00	Machine Learning E Deep Learning Aplicados À Detecção E Ao Diagnóstico De Falhas Em Processos Industriais.		2023-09-01	2025-08-31	112	\N	1	6
8	2025-11-10 19:02:44.609233+00	2025-11-10 19:02:44.609238+00	Desenvolvimento De Um Medidor De Desgaste De Furo De Lança De Convertedores Ld		2023-08-01	2025-10-31	115	\N	1	\N
9	2025-11-10 19:02:44.620753+00	2025-11-10 19:02:44.620758+00	Ações De Eficiência Energética Associadas Ao Uso De Fontes Alternativas - Estudo De Caso Do Ifes/Campus Serra		2023-09-01	2026-08-31	121	\N	1	\N
10	2025-11-10 19:02:44.63149+00	2025-11-10 19:02:44.640038+00	Cidades E Prédios Inteligentes 2.2		2023-01-27	2027-06-30	495	\N	1	7
11	2025-11-10 19:02:44.643062+00	2025-11-10 19:02:44.660751+00	Robótica E Tecnologia, Kits Educacionais – Robotech 4.0		2023-09-01	2027-07-31	114	\N	1	8
12	2025-11-10 19:02:44.6656+00	2025-11-10 19:02:44.673803+00	Painel Pericial De Substâncias Psicoativas Do Espírito Santo - Paspes		2023-09-01	2025-01-31	113	\N	1	9
13	2025-11-10 19:02:44.676807+00	2025-11-10 19:02:44.687444+00	Laboratório Espaço Energia: Avanços Na Mobilidade Elétrica Com A Implantação De Eletroposto Para Recarga De Veículos Elétricos		2023-11-01	2026-07-31	122	\N	1	7
14	2025-11-10 19:02:44.692056+00	2025-11-10 19:02:44.70075+00	Definição De Processo De Desenvolvimento De Software Baseado Em Métodos Ágeis Aplicado Ao Conectafapes		2024-03-01	2026-06-30	512	\N	1	10
15	2025-11-10 19:02:44.705132+00	2025-11-10 19:02:44.717308+00	Desenvolvimento De Ferramentas De Geração Automatizada De Código Aplicando Técnicas De Mdd		2024-03-01	2026-06-30	513	\N	1	10
16	2025-11-10 19:02:44.729968+00	2025-11-10 19:02:44.729983+00	Avaliação De Erros Gramaticais E Aderência Ao Tópico De Redações Dissertativas-Argumentativas		2024-09-01	2025-08-31	342	\N	1	\N
17	2025-11-10 19:02:44.750381+00	2025-11-10 19:02:44.750399+00	Desenvolvimento De Jogos Educacionais Para Auxiliar O Processo De Ensino-Aprendizagem No Ensino Médio		2024-08-01	2026-07-31	115	\N	1	\N
18	2025-11-10 19:02:44.787364+00	2025-11-10 19:02:44.787379+00	Injustiça Econômica Versus Injustiça Simbólica: Uma Análise Das Eleições Municipais No Espírito Santo À Luz Da Teoria Crítica De Nancy Fraser.		2024-09-01	2025-08-31	61	\N	1	\N
19	2025-11-10 19:02:44.817004+00	2025-11-10 19:02:44.858245+00	Kit Didático Utilizando Uma Planta Piloto De Correias Transportadora		2024-04-09	2027-04-09	470	\N	1	11
20	2025-11-10 19:02:44.868731+00	2025-11-10 19:02:44.868748+00	Desenvolvimento De Um Sistema Baseado Em Inteligência Artificial Para Análise De Raio-X De Tórax “Priori-Rx”.		2024-07-31	2026-07-31	115	\N	1	\N
21	2025-11-10 19:02:44.909842+00	2025-11-10 19:02:44.930748+00	Inteligência Artificial Para Auxílio Na Inspeção De Navios		2024-08-01	2026-07-31	140	\N	1	12
22	2025-11-10 19:02:44.940117+00	2025-11-10 19:02:44.967395+00	Classificação De Imagens De Oct Com Ia Interpretável		2024-08-01	2026-07-31	140	\N	1	13
23	2025-11-10 19:02:44.980326+00	2025-11-10 19:02:44.980343+00	Aplicação De Roteamento Na Origem Para Ciência De Dados Intensiva		2024-09-01	2025-08-31	246	\N	1	\N
24	2025-11-10 19:02:45.030379+00	2025-11-10 19:02:45.030394+00	Desenvolvimento De Uma Caneta Eletrônica Para Air Writing: Uma Abordagem Híbrida Baseada Em Dispositivos E Visão Computacional		2024-09-01	2025-08-31	341	\N	1	\N
25	2025-11-10 19:02:45.06828+00	2025-11-10 19:02:45.068294+00	Otimização Do Processo De Atualização Da Base De Conhecimento De Agentes Conversacionais		2024-09-01	2025-08-31	284	\N	1	\N
26	2025-11-10 19:02:45.110382+00	2025-11-10 19:02:45.110398+00	Desenvolvimento De Materiais Didáticos Inovadores Para O Ensino De Disciplinas Técnicas Com Tecnologias Da Indústria 4.0		2024-09-01	2026-08-31	139	\N	1	\N
27	2025-11-10 19:02:45.134579+00	2025-11-10 19:02:45.134599+00	Desenvolvimento De Materiais De Apoio Para O Ensino Em Engenharia Utilizando Tecnologias Do Laboratório Maker		2024-09-01	2026-08-31	139	\N	1	\N
28	2025-11-10 19:02:45.174576+00	2025-11-10 19:02:45.174595+00	Identificação De Ansiedade E Depressão Via Análise Facial Em Base De Dados Reduzida		2024-09-01	2025-08-31	545	\N	1	\N
29	2025-11-10 19:02:45.206036+00	2025-11-10 19:02:45.206055+00	Educação Steam: Construção De Robôs Como Integração De Conhecimentos		2024-09-01	2025-08-31	339	\N	1	\N
30	2025-11-10 19:02:45.233438+00	2025-11-10 19:02:45.233456+00	Um Estudo Sobre Geração E Detecção De Deepfake De Voz		2024-09-01	2025-08-30	346	\N	1	\N
31	2025-11-10 19:02:45.279944+00	2025-11-10 19:02:45.315605+00	Sistema Web Para Detecção E Contagem De Ácaros (Tetranychus Urticae, Phytoseiulus Macropilis E Neoseiulus Californicus) Em Culturas Capixabas De Morango Usando Deep Learning		2024-09-01	2025-08-31	576	\N	1	14
32	2025-11-10 19:02:45.331194+00	2025-11-10 19:02:45.33121+00	Filamentadora – Reciclador De Sobras E Falhas De Impressão 3D		2024-09-01	2025-08-31	582	\N	1	\N
33	2025-11-10 19:02:45.354676+00	2025-11-10 19:02:45.354693+00	Desenvolvimento De Aplicações Web Para Fábricas Inteligentes: Explorando O Potencial Do Python E Dos Dispositivos Da Internet Das Coisas (Iot)		2024-08-01	2025-08-31	583	\N	1	\N
34	2025-11-10 19:02:45.388815+00	2025-11-10 19:02:45.388837+00	Construção De Experimentos Automatizados – Protótipo Motor V8		2024-09-01	2025-08-31	339	\N	1	\N
35	2025-11-10 19:02:45.425104+00	2025-11-10 19:02:45.425126+00	Braço Robótico Organizador De Cores Com Acesso Remoto		2024-09-01	2025-08-31	339	\N	1	\N
36	2025-11-10 19:02:45.4442+00	2025-11-10 19:02:45.444219+00	Programação De Robôs Manipuladores Kuka		2024-08-01	2025-08-31	583	\N	1	\N
37	2025-11-10 19:02:45.475128+00	2025-11-10 19:02:45.47515+00	Aprendizado De Máquina Em Dispositivos Embarcados: Soluções Para Cidades Inteligentes		2024-09-01	2025-08-31	341	\N	1	\N
38	2025-11-10 19:02:45.506877+00	2025-11-10 19:02:45.506895+00	Utilização De Conditional Variational Autoencoder Para Análise De Sinais Eeg Em Pacientes Pós-Avc		2024-09-01	2025-08-31	113	\N	1	\N
39	2025-11-10 19:02:45.53684+00	2025-11-10 19:02:45.536861+00	Análise Facial Em Selfies Para Identificação De Ansiedade E Depressão Em Pacientes Gestantes		2024-08-01	2026-07-31	545	\N	1	\N
40	2025-11-10 19:02:45.555765+00	2025-11-10 19:02:45.586507+00	Solução Para Monitoramento De Prestadores De Serviço Acompanhados Pela Vepema / Tjes		2024-06-03	2025-07-31	512	\N	1	15
41	2025-11-10 19:02:45.596443+00	2025-11-10 19:02:45.596462+00	Construção Modular De Sistemas Ciberfísicos: Explorando A Abordagem Metodológica Com Ros		2024-11-01	2026-11-30	583	\N	1	\N
42	2025-11-10 19:02:45.637316+00	2025-11-10 19:02:45.684199+00	Bpm Pós-Gestão - Automação Inteligente Para Programas De Pós-Graduação		2024-11-01	2026-10-31	550	\N	1	16
43	2025-11-10 19:02:45.704575+00	2025-11-10 19:02:45.752611+00	Sistema De Aquisição De Dados E Aprendizado De Máquina Em Planta Piloto De Aciaria Ld		2025-08-01	2028-07-31	469	\N	1	17
44	2025-11-10 19:02:45.762879+00	2025-11-10 19:02:45.843095+00	Centros De Excelência Na Gestão Energética E Na Siderurgia: Integrando Transformação Digital, Manufatura E Sustentabilidade.		2024-12-23	2027-12-23	122	\N	1	18
45	2025-11-10 19:02:45.85453+00	2025-11-10 19:02:45.854548+00	Estoicismo Red Pill: A Apropriação Da Filosofia Clássica Por Uma Agenda Política Contemporânea		2025-09-01	2026-08-01	61	\N	1	\N
46	2025-11-10 19:02:45.875134+00	2025-11-10 19:02:45.875154+00	Avaliação De Erros Gramaticais E Aderência Ao Tópico De Redações Dissertativas-Argumentativas \nOrientada A Agentes		2025-09-01	2026-08-31	342	\N	1	\N
47	2025-11-10 19:02:45.911558+00	2025-11-10 19:02:45.964118+00	Gerenciador De Denúncias Da Delegacia Especializada De Proteção À Pessoa Idosa		2025-09-01	2026-08-31	342	\N	1	19
48	2025-11-10 19:02:45.981537+00	2025-11-10 19:02:46.00964+00	Implementação De Técnicas De Ia Para Melhoria De Processos Em Laminadores De Tiras A Quente		2025-08-01	2026-07-31	245	\N	1	20
49	2025-11-10 19:02:46.022962+00	2025-11-10 19:02:46.022977+00	Vibrolearn: Um Framework Para Diagnóstico De Falhas Em Máquinas Industriais		2025-09-01	2026-08-31	458	\N	1	\N
50	2025-11-10 19:02:46.062264+00	2025-11-10 19:02:46.112894+00	Traçador De Curva I-V Para Usina Fotovoltaica		2025-04-05	2028-04-05	470	\N	1	11
51	2025-11-10 19:02:46.123399+00	2025-11-10 19:02:46.12342+00	Inteligência Artificial Explicável Para Diagnóstico Cardiovascular: Transformando A Interpretação De Ecgs Na Atenção À Saúde		2025-08-01	2028-07-31	140	\N	1	\N
52	2025-11-10 19:02:46.150107+00	2025-11-10 19:02:46.150126+00	Transformação Digital E Gestão Energética: Microrredes Como Uma Rota Para Um Futuro Sustentável		2025-04-10	2028-04-10	122	\N	1	\N
53	2025-11-10 19:02:46.211091+00	2025-11-10 19:02:46.211107+00	Feira Digital: Uma Plataforma De Conexão Direta Entre Produtores E Consumidores.		2025-08-01	2027-07-31	115	\N	1	\N
54	2025-11-10 19:02:46.232252+00	2025-11-10 19:02:46.23226+00	Desenvolvimento De Um Módulo De Hidroponia Autônomo Usando Um Agente Ia		2025-05-01	2028-08-31	114	\N	1	\N
55	2025-11-10 19:02:46.247016+00	2025-11-10 19:02:46.247023+00	Soluções De Aprendizado De Máquina Para Detecção E Mitigação De Ataques De Negação De Serviço Em Scrubbing Centers		2025-09-01	2026-08-31	246	\N	1	\N
56	2025-11-10 19:02:46.263791+00	2025-11-10 19:02:46.263796+00	Desenvolvimento De Kits Didáticos Para O Ensino De Engenharia De Controle E Automação		2025-09-01	2026-08-30	343	\N	1	\N
57	2025-11-10 19:02:46.275914+00	2025-11-10 19:02:46.27592+00	Classificação De Patologias Da Coluna Vertebral A Partir De Imagens De Tomografia Computadorizada E Ressonância Magnética Utilizando As Redes Yolov12 E U-Net.		2025-09-01	2027-08-31	112	\N	1	\N
58	2025-11-10 19:02:46.28788+00	2025-11-10 19:02:46.287886+00	Veriscan: Inteligência Computacional Aplicada À Detecção De Imagens Manipuladas		2025-09-01	2026-08-31	341	\N	1	\N
59	2025-11-10 19:02:46.29966+00	2025-11-10 19:02:46.299667+00	Vitabot: Robô De Resgate E Inspeção Com Sensoriamento Visual E Térmico		2025-09-01	2026-08-31	341	\N	1	\N
60	2025-11-10 19:02:46.311578+00	2025-11-10 19:02:46.311584+00	Chatrad: Um Sistema De Conversação Multimodal Para Análise Automatizada De Radiografias Torácicas		2025-09-01	2026-08-31	284	\N	1	\N
61	2025-11-10 19:02:46.327805+00	2025-11-10 19:02:46.32781+00	Tecnologias De Prototipagem E Simulação Cad/Cae No Ensino De Física E Engenharia Com Aplicações Na Agricultura De Precisão E Processos De Fabricação Mecânica		2025-09-02	2026-08-31	660	\N	1	\N
62	2025-11-10 19:02:46.341394+00	2025-11-10 19:02:46.3414+00	Experimentos Didáticos Em Física Com O Auxilio Do Arduino		2025-09-01	2026-08-31	338	\N	1	\N
63	2025-11-10 19:02:46.34814+00	2025-11-10 19:02:46.358645+00	Sistema Computacional Para Pré-Diagnóstico De Câncer De Mama Utilizando Redes Neurais Convolucionais E Agentes Inteligentes		2025-09-01	2026-08-31	576	\N	1	21
64	2025-11-10 19:02:46.362288+00	2025-11-10 19:02:46.388152+00	Prototipação De Estufas Inteligentes E Hortas Automatizadas: Desenvolvendo Soluções Para Agricultura Urbana\nSustentável		2025-04-01	2026-01-31	660	\N	1	22
65	2025-11-10 19:02:46.395657+00	2025-11-10 19:02:46.395673+00	Estudo E Implementação Do Protocolo Opc Ua Como Camada De Comunicação Para Dispositivos Iot		2025-09-01	2026-09-01	583	\N	1	\N
66	2025-11-10 19:02:46.434145+00	2025-11-10 19:02:46.434164+00	Automatização De Módulos Didáticos Para Ensino Da Disciplina De Instalações Elétricas		2025-09-01	2026-08-31	673	\N	1	\N
67	2025-11-10 19:02:46.48296+00	2025-11-10 19:02:46.510665+00	Análise Da Efetividade De Programas De Formação Continuada De Professores Utilizando Técnicas De Ciência De Dados E Inteligência Artificial: Um Estudo Aplicado Aos Dados Do Cefope/Es		2025-09-29	2027-09-29	663	\N	1	23
68	2025-11-10 19:02:46.520869+00	2025-11-10 19:02:46.561692+00	Transformação Digital Da Avaliação Pedagógica Do Pnld: Da Pesquisa À Inovação		2024-03-01	2025-12-31	284	\N	1	24
69	2025-11-10 19:02:46.5698+00	2025-11-10 19:02:46.603557+00	Desenvolvimento De Um Medidor De Desgaste De Furo De Lança De Convertedores Ld - Edital 109		2023-09-01	2025-08-31	115	\N	1	25
70	2025-11-10 19:02:46.610698+00	2025-11-10 19:02:46.629209+00	Classificador De Briquetes Usando Visão Computacional.		2024-05-06	2026-07-31	115	\N	1	26
71	2025-11-10 19:02:46.642067+00	2025-11-10 19:02:46.642084+00	Ecos E Reflexos Do Livro De Affonso Claudio "Insurreição Do Queimado. Episódio Da Província Do Espírito Santo"		2025-03-21	2026-04-24	265	\N	1	\N
72	2025-11-10 19:02:46.666752+00	2025-11-10 19:02:46.666767+00	Análise Exploratória De Inteligência Artificial Generativa No Desenvolvimento De Software		2024-09-01	2025-08-31	426	\N	1	\N
73	2025-11-10 19:02:46.679902+00	2025-11-10 19:02:46.696187+00	Sistema De Fusão De Sensores Para Posicionamento Milimétrico Em Tempo Real, Em Ambientes Sem Sinal De Gps		2022-12-15	2025-01-31	346	\N	1	4
74	2025-11-10 19:02:46.708188+00	2025-11-10 19:02:46.708209+00	Engenharia De Tráfego Para Aplicações De Ciência De Dados Intensiva		2024-08-01	2026-08-31	246	\N	1	\N
75	2025-11-10 19:02:46.755772+00	2025-11-10 19:02:46.75579+00	O Atendimento Educacional Especializado Como Ação Pedagógica: Contribuições Para A Permanência Das Pessoas Com Necessidades Específicas Na Educação Profissional E Tecnológica.		2024-05-01	2026-05-01	676	\N	1	\N
76	2025-11-10 19:02:46.780148+00	2025-11-10 19:02:46.819615+00	Desenvolvimento De Um Sistema Inteligente Para O Controle De Eletrodos De Fornos De Ferroligas Para Aplicações Multicliente		2024-04-01	2026-04-01	470	\N	1	11
77	2025-11-10 19:02:46.827926+00	2025-11-10 19:02:46.859311+00	Soluções Text-To-Sql Para Iagrogpt – A Assistente Virtual Inteligente\nDa Agropecuária Brasileira		2024-09-25	2026-03-25	545	\N	1	27
78	2025-11-10 19:02:46.867265+00	2025-11-10 19:02:46.867282+00	Moldura Autodescontaminante Para Monitores E Totens De Autoatendimento		2025-09-01	2027-08-31	113	\N	1	\N
79	2025-11-10 19:02:46.927941+00	2025-11-10 19:02:46.95425+00	Projeto Núcleo Otimizado E Virtualizado Para Aplicações De Inteligência Artificial (Nova-Ia)		2025-10-02	2028-10-01	346	\N	1	18
80	2025-11-10 19:02:46.97087+00	2025-11-10 19:02:47.003972+00	Sistemas Inteligentes De Gerenciamento Energético		2025-06-01	2027-06-30	635	\N	1	28
81	2025-11-10 19:02:47.020638+00	2025-11-10 19:02:47.046468+00	Otimização Processual Com Inteligência Artificial		2025-02-19	2026-12-19	345	\N	1	29
82	2025-11-10 19:02:47.056799+00	2025-11-10 19:02:47.102205+00	Câmeras Inteligentes Para Aplicações Na Industria 4.0		2023-09-01	2026-12-31	470	\N	1	8
83	2025-11-10 19:02:47.111506+00	2025-11-10 19:02:47.137999+00	Núcleo Otimizado E Virtualizado Para Aplicações De Inteligência Artificial Para A Indústria (Nova-Ia Indústria)		2025-10-02	2028-10-01	346	\N	1	18
84	2025-11-10 19:02:47.148308+00	2025-11-10 19:02:47.148325+00	Utilização De Inteligência Artificial Para Diagnóstico De Doenças A Partir De Imagens De Oct - Ppp		2023-09-01	2025-08-31	140	\N	1	\N
\.


--
-- Data for Name: initiatives_initiative_knowledge_areas; Type: TABLE DATA; Schema: public; Owner: postgres
--

COPY public.initiatives_initiative_knowledge_areas (id, initiative_id, knowledgearea_id) FROM stdin;
1	1	26
2	2	26
3	3	5
4	4	26
5	5	26
6	6	5
7	7	26
8	8	5
9	9	5
10	10	26
11	11	2
12	12	49
13	13	5
14	14	26
15	15	26
16	16	2
17	17	5
18	18	24
19	19	5
20	20	5
21	21	26
22	22	36
23	23	26
24	24	5
25	25	26
26	26	1
27	27	1
28	28	26
29	29	26
30	30	26
31	31	26
32	32	5
33	33	5
34	34	38
35	35	38
36	36	5
37	37	5
38	38	36
39	39	26
40	40	26
41	41	5
42	42	26
43	43	5
44	44	5
45	45	24
46	46	26
47	47	26
48	48	26
49	49	26
50	50	5
51	51	36
52	52	5
53	53	5
54	54	30
55	55	26
56	56	5
57	57	5
58	58	26
59	59	5
60	60	26
61	61	26
62	62	38
63	63	26
64	64	26
65	65	5
66	66	5
67	67	26
68	68	26
69	69	5
70	70	5
71	71	21
72	72	26
73	73	26
74	74	26
75	75	1
76	76	5
77	77	26
78	78	54
79	79	26
80	80	5
81	81	26
82	82	5
83	83	26
84	84	36
\.


--
-- Data for Name: initiatives_initiative_students; Type: TABLE DATA; Schema: public; Owner: postgres
--

COPY public.initiatives_initiative_students (id, initiative_id, person_id) FROM stdin;
1	1	429
2	1	430
3	1	431
4	1	432
5	1	433
6	1	434
7	1	435
8	1	436
9	1	437
10	1	438
11	1	439
12	1	440
13	1	441
14	1	442
15	1	443
16	1	444
17	1	445
18	1	446
19	2	447
20	2	448
21	3	449
22	3	450
24	3	451
25	3	452
26	3	453
27	3	454
28	3	455
29	3	434
30	3	456
31	4	461
32	4	462
33	4	463
34	4	464
35	4	465
36	5	466
37	5	467
38	5	468
39	6	471
40	6	472
41	6	473
42	6	474
43	6	475
44	6	476
45	6	477
46	6	478
47	6	479
48	6	480
49	6	481
50	6	482
51	6	483
52	6	484
53	7	485
54	7	486
55	7	487
56	8	488
57	8	477
58	8	489
59	8	490
60	8	491
61	8	492
62	9	493
63	9	494
64	10	496
65	10	497
66	11	482
67	11	499
68	11	500
69	11	501
70	11	502
71	11	503
72	11	504
73	11	505
74	11	506
75	11	507
76	11	508
77	12	509
78	13	511
79	13	453
80	14	514
81	14	515
82	14	516
83	15	517
84	15	518
85	16	519
86	16	520
87	16	521
88	17	522
89	17	523
90	17	524
91	18	525
92	18	526
93	18	527
94	19	480
95	19	529
96	20	491
97	20	530
98	20	531
99	20	532
100	20	533
101	20	534
102	20	535
103	20	536
104	20	537
105	21	538
106	21	539
107	22	540
108	22	541
109	23	543
110	23	544
111	23	431
112	23	509
113	24	546
114	24	547
115	24	548
116	24	549
117	25	551
118	25	552
119	25	493
120	25	553
121	25	554
122	26	556
123	26	557
124	26	558
125	26	559
126	27	499
127	27	562
128	27	563
129	27	564
130	27	565
131	28	566
132	28	567
133	28	568
134	28	569
135	29	570
136	29	571
137	29	572
138	29	573
139	30	500
140	30	574
141	30	575
142	31	578
143	31	579
144	31	580
145	31	502
146	31	581
147	32	499
148	33	584
149	33	585
150	34	578
151	34	552
152	34	539
153	34	586
154	34	587
155	34	588
156	35	589
157	36	590
158	37	591
159	37	592
160	37	593
161	37	594
162	38	595
163	39	597
164	40	598
165	40	599
166	40	600
167	40	601
168	40	514
169	41	602
170	42	603
171	42	604
172	42	605
173	42	606
174	42	607
175	43	610
176	43	611
177	44	456
178	44	454
179	44	453
180	44	452
181	44	450
182	45	614
183	45	615
184	46	616
185	46	617
186	46	618
187	46	619
188	47	620
189	47	621
190	47	622
191	47	623
192	47	572
193	47	624
194	48	625
195	48	626
196	49	627
197	49	628
198	49	629
199	49	630
200	50	482
201	50	632
202	50	633
203	50	525
204	50	529
205	51	521
206	51	540
207	52	637
208	52	453
209	52	638
210	53	640
211	53	641
212	54	642
213	54	474
214	54	475
215	54	479
216	55	643
217	55	644
218	55	544
219	55	543
220	56	646
221	56	647
222	57	485
223	57	649
224	58	650
225	58	592
226	58	651
227	58	652
228	59	547
229	59	653
230	59	654
231	59	546
232	60	655
233	60	656
234	60	657
235	60	658
236	60	659
237	61	661
238	61	662
239	62	552
240	62	589
241	63	581
242	63	600
243	63	664
244	63	665
245	63	666
246	64	667
247	64	668
248	64	669
249	64	670
250	64	671
251	64	672
252	65	584
253	66	478
254	66	674
255	67	675
\.


--
-- Data for Name: initiatives_initiative_team_members; Type: TABLE DATA; Schema: public; Owner: postgres
--

COPY public.initiatives_initiative_team_members (id, initiative_id, person_id) FROM stdin;
1	1	425
2	1	426
3	1	427
4	1	428
5	2	346
6	2	345
7	3	345
8	3	121
9	3	122
10	3	344
11	4	457
12	4	345
13	4	458
14	4	346
15	4	459
16	4	353
17	4	460
18	5	460
19	5	459
20	5	346
21	5	345
22	5	245
23	6	114
24	6	469
25	6	470
26	7	112
28	8	115
29	9	121
30	10	495
31	10	415
32	11	114
33	11	470
34	11	498
35	12	284
36	12	113
37	13	510
38	13	122
39	13	121
40	13	111
41	13	405
42	14	512
43	14	513
44	14	427
45	14	428
46	15	512
47	15	427
48	15	428
49	15	513
50	16	342
51	17	115
52	18	61
53	19	480
54	19	114
55	19	115
56	19	528
57	19	470
58	20	115
59	21	140
60	22	140
61	23	383
62	23	287
63	23	245
64	23	542
65	23	246
66	24	545
67	24	341
68	25	284
69	25	550
70	25	285
71	26	555
72	26	139
73	26	140
74	27	140
75	27	139
76	27	560
77	27	561
78	28	545
79	29	339
80	29	341
81	30	346
82	30	459
83	30	458
84	30	245
85	30	345
86	31	109
87	31	577
88	31	513
89	31	576
90	32	582
91	33	583
92	34	339
93	34	338
94	35	339
95	36	583
96	37	341
97	38	113
98	39	458
99	39	545
100	39	596
101	40	512
102	40	428
103	41	583
104	42	458
105	42	550
106	43	359
107	43	608
108	43	609
109	43	469
110	43	115
111	44	290
112	44	104
113	44	414
114	44	612
115	44	405
116	44	329
117	44	245
118	44	121
119	44	346
120	44	510
121	44	122
122	44	302
123	44	613
124	44	8
125	44	36
126	44	403
127	44	359
128	44	37
129	44	344
130	44	253
131	45	61
132	46	342
133	47	342
134	48	245
135	49	458
136	49	428
137	50	470
138	50	114
139	50	480
140	50	631
141	50	529
142	51	140
143	52	634
144	52	121
145	52	635
146	52	245
147	52	111
148	52	122
149	52	510
150	52	344
151	52	613
152	52	636
153	52	290
154	52	405
155	52	104
156	53	115
157	53	639
158	54	114
159	55	409
160	55	542
161	55	458
162	55	245
163	55	545
164	55	246
165	56	645
166	56	343
167	57	112
168	57	648
169	58	341
170	59	341
171	60	458
172	60	285
173	60	545
174	60	284
175	61	660
176	61	341
177	62	338
178	62	339
179	63	663
180	63	576
181	63	545
182	63	113
183	64	341
184	64	660
185	65	583
186	66	673
187	66	341
188	67	663
189	68	284
190	69	470
191	69	115
192	70	115
193	70	114
194	70	639
195	70	469
196	70	470
197	71	265
198	72	426
199	74	246
200	74	383
201	74	287
202	75	676
203	76	470
204	76	677
205	77	545
206	77	284
207	78	113
208	78	645
209	79	346
210	80	635
211	80	457
212	80	510
213	81	345
214	82	470
215	82	678
216	82	679
217	82	677
218	83	346
\.


--
-- Data for Name: initiatives_initiativetype; Type: TABLE DATA; Schema: public; Owner: postgres
--

COPY public.initiatives_initiativetype (id, created_at, updated_at, name, code, description, is_active) FROM stdin;
1	2025-11-10 19:02:44.224851+00	2025-11-10 19:02:44.224881+00	Research Project	research_project	Research projects imported from CSV	t
\.


--
-- Data for Name: organizational_group_campus; Type: TABLE DATA; Schema: public; Owner: postgres
--

COPY public.organizational_group_campus (id, created_at, updated_at, name, code, location) FROM stdin;
1	2025-11-10 19:02:15.651116+00	2025-11-10 19:02:15.651142+00	Vila Velha	VILAVELHA	
2	2025-11-10 19:02:15.714338+00	2025-11-10 19:02:15.714368+00	Vitória	VITÓRIA	
3	2025-11-10 19:02:15.765076+00	2025-11-10 19:02:15.765101+00	Itapina	ITAPINA	
4	2025-11-10 19:02:15.806584+00	2025-11-10 19:02:15.806611+00	Colatina	COLATINA	
5	2025-11-10 19:02:15.965266+00	2025-11-10 19:02:15.965283+00	Venda Nova Do Imigrante	VENDANOVADOIMIGRANTE	
6	2025-11-10 19:02:16.05754+00	2025-11-10 19:02:16.057555+00	Alegre	ALEGRE	
7	2025-11-10 19:02:16.069116+00	2025-11-10 19:02:16.069134+00	Guarapari	GUARAPARI	
8	2025-11-10 19:02:16.224662+00	2025-11-10 19:02:16.224668+00	Aracruz	ARACRUZ	
9	2025-11-10 19:02:16.236674+00	2025-11-10 19:02:16.236679+00	Cachoeiro De Itapemirim	CACHOEIRODEITAPEMIRI	
10	2025-11-10 19:02:16.252335+00	2025-11-10 19:02:16.25234+00	São Mateus	SÃOMATEUS	
11	2025-11-10 19:02:16.25514+00	2025-11-10 19:02:16.255145+00	Cefor	CEFOR	
12	2025-11-10 19:02:16.273382+00	2025-11-10 19:02:16.273387+00	Piúma	PIÚMA	
13	2025-11-10 19:02:16.287727+00	2025-11-10 19:02:16.287732+00	Viana	VIANA	
14	2025-11-10 19:02:16.297302+00	2025-11-10 19:02:16.297307+00	Santa Teresa	SANTATERESA	
15	2025-11-10 19:02:16.350177+00	2025-11-10 19:02:16.350197+00	Centro-serrano	CENTRO-SERRANO	
16	2025-11-10 19:02:16.388816+00	2025-11-10 19:02:16.388833+00	Serra	SERRA	
17	2025-11-10 19:02:16.47768+00	2025-11-10 19:02:16.477703+00	Presidente Kennedy	PRESIDENTEKENNEDY	
18	2025-11-10 19:02:16.611309+00	2025-11-10 19:02:16.611325+00	Ibatiba	IBATIBA	
19	2025-11-10 19:02:16.649845+00	2025-11-10 19:02:16.649864+00	Nova Venécia	NOVAVENÉCIA	
20	2025-11-10 19:02:17.212698+00	2025-11-10 19:02:17.212716+00	Montanha	MONTANHA	
21	2025-11-10 19:02:17.315199+00	2025-11-10 19:02:17.315213+00	Cariacica	CARIACICA	
22	2025-11-10 19:02:17.506992+00	2025-11-10 19:02:17.507008+00	Linhares	LINHARES	
23	2025-11-10 19:02:19.282185+00	2025-11-10 19:02:19.282203+00	Barra De São Francisco	BARRADESÃOFRANCISCO	
24	2025-11-10 19:02:44.520444+00	2025-11-10 19:02:44.520461+00	External	EXTERNAL	External organizations
\.


--
-- Data for Name: organizational_group_knowledgearea; Type: TABLE DATA; Schema: public; Owner: postgres
--

COPY public.organizational_group_knowledgearea (id, created_at, updated_at, name, description) FROM stdin;
1	2025-11-10 19:02:15.656283+00	2025-11-10 19:02:15.656312+00	Educação	
2	2025-11-10 19:02:15.76867+00	2025-11-10 19:02:15.768696+00	Interdisciplinar	
3	2025-11-10 19:02:15.810261+00	2025-11-10 19:02:15.810285+00	Engenharia Civil	
4	2025-11-10 19:02:15.844796+00	2025-11-10 19:02:15.844825+00	Engenharia Mecânica	
5	2025-11-10 19:02:15.857619+00	2025-11-10 19:02:15.857669+00	Engenharia Elétrica	
6	2025-11-10 19:02:15.897093+00	2025-11-10 19:02:15.897116+00	Geografia	
7	2025-11-10 19:02:15.931569+00	2025-11-10 19:02:15.931588+00	Arquitetura E Urbanismo	
8	2025-11-10 19:02:15.99303+00	2025-11-10 19:02:15.99305+00	Química	
9	2025-11-10 19:02:16.023115+00	2025-11-10 19:02:16.023132+00	Biologia Geral	
10	2025-11-10 19:02:16.033387+00	2025-11-10 19:02:16.033403+00	Farmácia	
11	2025-11-10 19:02:16.060556+00	2025-11-10 19:02:16.060573+00	Ecologia	
12	2025-11-10 19:02:16.093235+00	2025-11-10 19:02:16.093253+00	Microbiologia	
13	2025-11-10 19:02:16.102171+00	2025-11-10 19:02:16.10219+00	Ciência E Tecnologia De Alimentos	
14	2025-11-10 19:02:16.138641+00	2025-11-10 19:02:16.138661+00	Engenharia De Materiais E Metalúrgica	
15	2025-11-10 19:02:16.15012+00	2025-11-10 19:02:16.150136+00	Administração	
16	2025-11-10 19:02:16.176139+00	2025-11-10 19:02:16.176158+00	Engenharia De Transportes	
17	2025-11-10 19:02:16.213336+00	2025-11-10 19:02:16.213342+00	Medicina Veterinária	
18	2025-11-10 19:02:16.216863+00	2025-11-10 19:02:16.216869+00	Engenharia De Produção	
19	2025-11-10 19:02:16.242032+00	2025-11-10 19:02:16.242038+00	Engenharia Química	
20	2025-11-10 19:02:16.255852+00	2025-11-10 19:02:16.255857+00	Desenho Industrial	
21	2025-11-10 19:02:16.26654+00	2025-11-10 19:02:16.266545+00	História	
22	2025-11-10 19:02:16.280408+00	2025-11-10 19:02:16.280413+00	Recursos Pesqueiros E Engenharia De Pesca	
23	2025-11-10 19:02:16.313562+00	2025-11-10 19:02:16.313568+00	Ensino	
24	2025-11-10 19:02:16.39152+00	2025-11-10 19:02:16.391536+00	Filosofia	
25	2025-11-10 19:02:16.465978+00	2025-11-10 19:02:16.465998+00	Engenharia Agrícola	
26	2025-11-10 19:02:16.549763+00	2025-11-10 19:02:16.54977+00	Ciência Da Computação	
27	2025-11-10 19:02:16.602219+00	2025-11-10 19:02:16.602238+00	Letras	
28	2025-11-10 19:02:16.659151+00	2025-11-10 19:02:16.65917+00	Geociências	
29	2025-11-10 19:02:16.666733+00	2025-11-10 19:02:16.66675+00	Linguística	
30	2025-11-10 19:02:16.728862+00	2025-11-10 19:02:16.72888+00	Agronomia	
31	2025-11-10 19:02:16.773413+00	2025-11-10 19:02:16.773431+00	Engenharia De Minas	
32	2025-11-10 19:02:16.846419+00	2025-11-10 19:02:16.846438+00	Educação Física	
33	2025-11-10 19:02:17.215388+00	2025-11-10 19:02:17.215402+00	Matemática	
34	2025-11-10 19:02:17.461704+00	2025-11-10 19:02:17.461726+00	Probabilidade E Estatística	
35	2025-11-10 19:02:18.044084+00	2025-11-10 19:02:18.044103+00	Engenharia Sanitária	
36	2025-11-10 19:02:18.118708+00	2025-11-10 19:02:18.118723+00	Engenharia Biomédica	
37	2025-11-10 19:02:18.175222+00	2025-11-10 19:02:18.175239+00	Ciências Ambientais	
38	2025-11-10 19:02:18.22638+00	2025-11-10 19:02:18.226399+00	Física	
39	2025-11-10 19:02:18.330729+00	2025-11-10 19:02:18.330747+00	Artes	
40	2025-11-10 19:02:18.346065+00	2025-11-10 19:02:18.346084+00	Zoologia	
41	2025-11-10 19:02:18.389363+00	2025-11-10 19:02:18.389378+00	Bioquímica	
42	2025-11-10 19:02:19.008726+00	2025-11-10 19:02:19.008745+00	Planejamento Urbano E Regional	
43	2025-11-10 19:02:19.365573+00	2025-11-10 19:02:19.365592+00	Outros	
44	2025-11-10 19:02:19.540222+00	2025-11-10 19:02:19.540244+00	Sociologia	
45	2025-11-10 19:02:19.617085+00	2025-11-10 19:02:19.617101+00	Ciência Da Informação	
46	2025-11-10 19:02:20.04571+00	2025-11-10 19:02:20.045726+00	Psicologia	
47	2025-11-10 19:02:20.252875+00	2025-11-10 19:02:20.25288+00	Astronomia	
48	2025-11-10 19:02:20.26049+00	2025-11-10 19:02:20.260495+00	Antropologia	
49	2025-11-10 19:02:20.268214+00	2025-11-10 19:02:20.26822+00	Saúde Coletiva	
50	2025-11-10 19:02:20.346448+00	2025-11-10 19:02:20.346469+00	Zootecnia	
51	2025-11-10 19:02:20.447366+00	2025-11-10 19:02:20.447381+00	Direito	
52	2025-11-10 19:02:20.727469+00	2025-11-10 19:02:20.727489+00	Oceanografia	
53	2025-11-10 19:02:20.756905+00	2025-11-10 19:02:20.756922+00	Recursos Florestais E Engenharia Florestal	
54	2025-11-10 19:02:46.874857+00	2025-11-10 19:02:46.874873+00	Biotecnologia	
\.


--
-- Data for Name: organizational_group_organization; Type: TABLE DATA; Schema: public; Owner: postgres
--

COPY public.organizational_group_organization (id, created_at, updated_at, name, description) FROM stdin;
1	2025-11-10 19:02:15.673142+00	2025-11-10 19:02:15.673161+00	Default Organization	Default organization for imported groups
2	2025-11-10 19:02:44.444099+00	2025-11-10 19:02:44.444121+00	Coordenadoria Estadual De Proteção E Defesa Civil	Organization that demands or requests initiatives
3	2025-11-10 19:02:44.515172+00	2025-11-10 19:02:44.51519+00	External Organizations	External research groups and organizations
4	2025-11-10 19:02:44.533029+00	2025-11-10 19:02:44.533041+00	Mogai Tecnologia Da Informação	Organization that demands or requests initiatives
5	2025-11-10 19:02:44.587212+00	2025-11-10 19:02:44.587217+00	Vale S.A. E Gaintech Ltda.	Organization that demands or requests initiatives
6	2025-11-10 19:02:44.602767+00	2025-11-10 19:02:44.602773+00	Não Tem Parceiros	Organization that demands or requests initiatives
7	2025-11-10 19:02:44.63864+00	2025-11-10 19:02:44.638646+00	Fapes	Organization that demands or requests initiatives
8	2025-11-10 19:02:44.659417+00	2025-11-10 19:02:44.659422+00	Diretoria De Articulação E Fortalecimento Da Educação Profissional E Tecnológica - Daf/Setec	Organization that demands or requests initiatives
9	2025-11-10 19:02:44.672296+00	2025-11-10 19:02:44.672302+00	Polícia Civil Do Espírito Santo	Organization that demands or requests initiatives
10	2025-11-10 19:02:44.699568+00	2025-11-10 19:02:44.699574+00	Fapes - Fundação De Amparo À Pesquisa E Inovação Do Espírito Santo	Organization that demands or requests initiatives
11	2025-11-10 19:02:44.854315+00	2025-11-10 19:02:44.854331+00	Gaintech Tecnologia Ltda	Organization that demands or requests initiatives
12	2025-11-10 19:02:44.925382+00	2025-11-10 19:02:44.925402+00	Ms Overseas	Organization that demands or requests initiatives
13	2025-11-10 19:02:44.961801+00	2025-11-10 19:02:44.961823+00	Cubolife	Organization that demands or requests initiatives
14	2025-11-10 19:02:45.311684+00	2025-11-10 19:02:45.311699+00	Cooperfruit - Cooperativa Agroindustrial De Garrafão	Organization that demands or requests initiatives
15	2025-11-10 19:02:45.581461+00	2025-11-10 19:02:45.581479+00	Vepema - Tribunal De Justiça Do Espírito Santo	Organization that demands or requests initiatives
16	2025-11-10 19:02:45.67815+00	2025-11-10 19:02:45.678171+00	Programa De Pós-Graduação Em Computação Aplicada	Organization that demands or requests initiatives
17	2025-11-10 19:02:45.747378+00	2025-11-10 19:02:45.747398+00	Arcelormittal (Convênio 02/2024)	Organization that demands or requests initiatives
18	2025-11-10 19:02:45.838188+00	2025-11-10 19:02:45.838209+00	Finep	Organization that demands or requests initiatives
19	2025-11-10 19:02:45.959533+00	2025-11-10 19:02:45.959552+00	Polícia Civil Do Estado Do Espírito Santo (Pc-Es)	Organization that demands or requests initiatives
20	2025-11-10 19:02:46.005355+00	2025-11-10 19:02:46.005374+00	Arcelormittal Tubarão	Organization that demands or requests initiatives
21	2025-11-10 19:02:46.357259+00	2025-11-10 19:02:46.357265+00	Genesis Tecnologia	Organization that demands or requests initiatives
22	2025-11-10 19:02:46.383836+00	2025-11-10 19:02:46.383852+00	Fundação De Amparo A Pesquisa Do Espírito Santo	Organization that demands or requests initiatives
23	2025-11-10 19:02:46.507173+00	2025-11-10 19:02:46.507189+00	Secretaria De Educação Do Estado Do Espírito Santo (Sedu)	Organization that demands or requests initiatives
24	2025-11-10 19:02:46.557692+00	2025-11-10 19:02:46.557712+00	Nees – Núcleo De Excelência Em Tecnologias Sociais (Ufal) E Mec - Ministério Da Educação	Organization that demands or requests initiatives
25	2025-11-10 19:02:46.60026+00	2025-11-10 19:02:46.600277+00	Setec	Organization that demands or requests initiatives
26	2025-11-10 19:02:46.625116+00	2025-11-10 19:02:46.625133+00	Vale	Organization that demands or requests initiatives
27	2025-11-10 19:02:46.854602+00	2025-11-10 19:02:46.854622+00	Intelliway Ltda	Organization that demands or requests initiatives
28	2025-11-10 19:02:46.999898+00	2025-11-10 19:02:46.999916+00	Zaruc Tecnologia S.A.	Organization that demands or requests initiatives
29	2025-11-10 19:02:47.042714+00	2025-11-10 19:02:47.042734+00	Tribunal Regional Eleitoral Do Espírito Santo (Tre-Es)	Organization that demands or requests initiatives
\.


--
-- Data for Name: organizational_group_organizationaltype; Type: TABLE DATA; Schema: public; Owner: postgres
--

COPY public.organizational_group_organizationaltype (id, created_at, updated_at, name, code, description) FROM stdin;
1	2025-11-10 19:02:15.667546+00	2025-11-10 19:02:15.667566+00	Research	research	Research groups
\.


--
-- Data for Name: organizational_group_organizationalunit; Type: TABLE DATA; Schema: public; Owner: postgres
--

COPY public.organizational_group_organizationalunit (id, created_at, updated_at, name, short_name, url, campus_id, knowledge_area_id, organization_id, type_id) FROM stdin;
1	2025-11-10 19:02:15.686124+00	2025-11-10 19:02:15.686147+00	Divulgação E Popularizaçao Da Ciência	DIVIPOP	http://dgp.cnpq.br/dgp/espelhogrupo/4439471564090237	1	1	1	1
2	2025-11-10 19:02:15.735304+00	2025-11-10 19:02:15.735328+00	Grupo De Estudo E Pesquisa Em Modelagem Matemática E Educação Estatística	GEPEME	http://dgp.cnpq.br/dgp/espelhogrupo/2808122552828098	2	1	1	1
3	2025-11-10 19:02:15.787238+00	2025-11-10 19:02:15.787269+00	Agro Data Science E Tecnologias	TCA	http://dgp.cnpq.br/dgp/espelhogrupo/2279789551670727	3	2	1	1
4	2025-11-10 19:02:15.827832+00	2025-11-10 19:02:15.827851+00	Ambiente Construído	non-informed	http://dgp.cnpq.br/dgp/espelhogrupo/8590356077541811	4	3	1	1
5	2025-11-10 19:02:15.875076+00	2025-11-10 19:02:15.875094+00	Aphrodite - Association For Researching Dwelling, Industrial, And Transportation Efficiency	APHRODITE	http://dgp.cnpq.br/dgp/espelhogrupo/3312462517828264	2	5	1	1
6	2025-11-10 19:02:15.910157+00	2025-11-10 19:02:15.910174+00	Aracê - Grupo De Pesquisa Em Educação, Sociedade E História Ambiental	Aracê	http://dgp.cnpq.br/dgp/espelhogrupo/2169137198748042	2	6	1	1
7	2025-11-10 19:02:15.944159+00	2025-11-10 19:02:15.944176+00	Atelier De Investigações Qualitativas E Processos Sustentáveis E Transversais Em Arquitetura E Urbanismo	ATUAR	http://dgp.cnpq.br/dgp/espelhogrupo/8167537170652710	4	7	1	1
8	2025-11-10 19:02:15.97725+00	2025-11-10 19:02:15.977271+00	Audiovisual, Literatura, Música, Educação E Cultura: Estudos Comparatistas	ALMEC	http://dgp.cnpq.br/dgp/espelhogrupo/4099181037333209	5	1	1	1
9	2025-11-10 19:02:16.004343+00	2025-11-10 19:02:16.004359+00	Automação E Mecanização Laboratorial	AML	http://dgp.cnpq.br/dgp/espelhogrupo/8500755812666425	1	8	1	1
10	2025-11-10 19:02:16.044299+00	2025-11-10 19:02:16.04432+00	Bioensaios Em Produtos Cosméticos	BPC	http://dgp.cnpq.br/dgp/espelhogrupo/2388775375330180	1	10	1	1
11	2025-11-10 19:02:16.081554+00	2025-11-10 19:02:16.081572+00	Biologia, Ambiente, Sociedade, Tecnologia, Educação E Transformação.	BASTET	http://dgp.cnpq.br/dgp/espelhogrupo/8349317294562322	7	9	1	1
12	2025-11-10 19:02:16.116347+00	2025-11-10 19:02:16.116367+00	Biotecnologia E Química Dos Alimentos	BIOTEQ	http://dgp.cnpq.br/dgp/espelhogrupo/8692290278094103	5	13	1	1
13	2025-11-10 19:02:16.162039+00	2025-11-10 19:02:16.162062+00	Centro De Estudos Em Desenvolvimento Turístico	CEDET	http://dgp.cnpq.br/dgp/espelhogrupo/7218149099045946	5	15	1	1
14	2025-11-10 19:02:16.188472+00	2025-11-10 19:02:16.188486+00	Centro De Observação E Núcleo De Estudos Em Cidades E Transportes	Conect	http://dgp.cnpq.br/dgp/espelhogrupo/7019969277168189	2	16	1	1
15	2025-11-10 19:02:16.208643+00	2025-11-10 19:02:16.20865+00	Ciência E Tecnologia De Produtos De Origem Vegetal	CTPOV	http://dgp.cnpq.br/dgp/espelhogrupo/3357004621502741	5	13	1	1
16	2025-11-10 19:02:16.220623+00	2025-11-10 19:02:16.220633+00	Coffee Design	Coffee Design	http://dgp.cnpq.br/dgp/espelhogrupo/5617656954660266	5	18	1	1
17	2025-11-10 19:02:16.230506+00	2025-11-10 19:02:16.230512+00	Desenvolvimento De Ligas Metálicas	DLIG	http://dgp.cnpq.br/dgp/espelhogrupo/1814644924098044	2	14	1	1
18	2025-11-10 19:02:16.245468+00	2025-11-10 19:02:16.245474+00	Desenvolvimento De Projetos Para A Indústria Química	DPIQ	http://dgp.cnpq.br/dgp/espelhogrupo/8666764683687434	1	19	1	1
19	2025-11-10 19:02:16.260455+00	2025-11-10 19:02:16.260461+00	Design, Tecnologia E Educação	Design - TecEdu	http://dgp.cnpq.br/dgp/espelhogrupo/4310586985626050	11	20	1	1
20	2025-11-10 19:02:16.269717+00	2025-11-10 19:02:16.269723+00	Documentos Históricos Do Espírito Santo	historiacapixaba.com	http://dgp.cnpq.br/dgp/espelhogrupo/6464901095036577	10	21	1	1
21	2025-11-10 19:02:16.276529+00	2025-11-10 19:02:16.276535+00	Ecologia De Tartarugas Marinhas Do Espírito Santo	GETAMES	http://dgp.cnpq.br/dgp/espelhogrupo/4207031991953418	12	17	1	1
22	2025-11-10 19:02:16.283745+00	2025-11-10 19:02:16.283751+00	Ecologia Microbiana E Biotecnologia	GPEM Biotec	http://dgp.cnpq.br/dgp/espelhogrupo/6594532777855485	12	22	1	1
23	2025-11-10 19:02:16.291404+00	2025-11-10 19:02:16.291409+00	Educação Antirracista E Humanidades	GPEAH	http://dgp.cnpq.br/dgp/espelhogrupo/7968375655530511	13	1	1	1
24	2025-11-10 19:02:16.300494+00	2025-11-10 19:02:16.300499+00	Educação E Sociedade	GEPES	http://dgp.cnpq.br/dgp/espelhogrupo/5478542593002303	14	1	1	1
25	2025-11-10 19:02:16.30918+00	2025-11-10 19:02:16.309185+00	Educação E Tecnologia No Ensino De Química	EDUTEQ	http://dgp.cnpq.br/dgp/espelhogrupo/4688550685551071	1	1	1	1
26	2025-11-10 19:02:16.317992+00	2025-11-10 19:02:16.318+00	Educação Matemática E Educação Profissional	EMEP	http://dgp.cnpq.br/dgp/espelhogrupo/6441789782213765	1	23	1	1
27	2025-11-10 19:02:16.333148+00	2025-11-10 19:02:16.333163+00	Educação Na Cidade E Humanidades	GEPECH	http://dgp.cnpq.br/dgp/espelhogrupo/7552736269673699	1	1	1	1
28	2025-11-10 19:02:16.368412+00	2025-11-10 19:02:16.368428+00	Educação, Diversidade E Diferença	GPEHDi	http://dgp.cnpq.br/dgp/espelhogrupo/0389564169596629	2	1	1	1
29	2025-11-10 19:02:16.408485+00	2025-11-10 19:02:16.408506+00	Educação-trabalho, Sociedade E Território	ETST	http://dgp.cnpq.br/dgp/espelhogrupo/3565059331713526	6	1	1	1
30	2025-11-10 19:02:16.443258+00	2025-11-10 19:02:16.44328+00	Eficiência Em Metalurgia Extrativa	EME	http://dgp.cnpq.br/dgp/espelhogrupo/6203120970695734	2	14	1	1
31	2025-11-10 19:02:16.493742+00	2025-11-10 19:02:16.493762+00	Engenharia Aplicada E Sustentabilidade	ENGEAS	http://dgp.cnpq.br/dgp/espelhogrupo/5534910048028546	17	2	1	1
32	2025-11-10 19:02:16.535013+00	2025-11-10 19:02:16.535024+00	Ensino De Ciências Naturais	ECN	http://dgp.cnpq.br/dgp/espelhogrupo/5503061050000355	9	23	1	1
33	2025-11-10 19:02:16.561765+00	2025-11-10 19:02:16.561785+00	Estudos De Ciências Dos Materiais Aplicados	GECIMA	http://dgp.cnpq.br/dgp/espelhogrupo/4585209478753072	14	14	1	1
34	2025-11-10 19:02:16.590838+00	2025-11-10 19:02:16.590858+00	Estudos Decolonias E Saberes Ancestrais	EDSA	http://dgp.cnpq.br/dgp/espelhogrupo/4533206050259912	6	1	1	1
35	2025-11-10 19:02:16.624427+00	2025-11-10 19:02:16.62445+00	Estudos E Pesquisas Aplicadas Em Geotecnia	EPAG	http://dgp.cnpq.br/dgp/espelhogrupo/9021586752678774	18	3	1	1
36	2025-11-10 19:02:16.684666+00	2025-11-10 19:02:16.684687+00	Ex-óticas: Laboratório Experimental De Estudos Sobre Imagens E Corpos Insubmissos.	EX-ÓTICAS	http://dgp.cnpq.br/dgp/espelhogrupo/4076017380132017	6	27	1	1
37	2025-11-10 19:02:16.704822+00	2025-11-10 19:02:16.704837+00	Filosofia, Arte E Sociedade: Grupo De Estudos Interdisciplinares	FAS	http://dgp.cnpq.br/dgp/espelhogrupo/4995533435744500	8	2	1	1
38	2025-11-10 19:02:16.754725+00	2025-11-10 19:02:16.754743+00	Fitotecnia	GPFITOTECNIA	http://dgp.cnpq.br/dgp/espelhogrupo/2755556676774068	6	30	1	1
39	2025-11-10 19:02:16.805179+00	2025-11-10 19:02:16.805205+00	Gestão De Energia, Máquinas E Manutenção	GEM	http://dgp.cnpq.br/dgp/espelhogrupo/6667530396085479	2	5	1	1
40	2025-11-10 19:02:16.833721+00	2025-11-10 19:02:16.833741+00	Gestão De Operações E Desempenho Organizacional	GODORG	http://dgp.cnpq.br/dgp/espelhogrupo/2954817945425319	2	18	1	1
41	2025-11-10 19:02:16.862331+00	2025-11-10 19:02:16.862346+00	Gestão E Inovação	GI	http://dgp.cnpq.br/dgp/espelhogrupo/5810885757857268	4	15	1	1
42	2025-11-10 19:02:16.889041+00	2025-11-10 19:02:16.889057+00	Gp Resagro - Grupo De Pesquisa Em Resíduos Para Agricultura	GP-ResAgro	http://dgp.cnpq.br/dgp/espelhogrupo/0340733462157979	6	30	1	1
43	2025-11-10 19:02:16.91216+00	2025-11-10 19:02:16.912176+00	Grupo De Análises Em Educação E Linguagens	GAEL	http://dgp.cnpq.br/dgp/espelhogrupo/9544900061075110	13	29	1	1
44	2025-11-10 19:02:16.932163+00	2025-11-10 19:02:16.932181+00	Grupo De Apoio Ao Ensino De Eletrônica	GAEE	http://dgp.cnpq.br/dgp/espelhogrupo/3708150385788812	16	5	1	1
45	2025-11-10 19:02:16.955506+00	2025-11-10 19:02:16.955523+00	Grupo De Aprendizado De Máquina E Automação	GAMA	http://dgp.cnpq.br/dgp/espelhogrupo/9115112132091239	16	26	1	1
46	2025-11-10 19:02:16.987455+00	2025-11-10 19:02:16.987472+00	Grupo De Automação Industrial - Gain	GAIn	http://dgp.cnpq.br/dgp/espelhogrupo/0809353261155112	16	5	1	1
47	2025-11-10 19:02:17.01556+00	2025-11-10 19:02:17.015575+00	Grupo De Automação Inteligente E Tecnologia Aplicada	GAIA	http://dgp.cnpq.br/dgp/espelhogrupo/2172533913211169	7	5	1	1
48	2025-11-10 19:02:17.046679+00	2025-11-10 19:02:17.046694+00	Grupo De Computação Aplicada	GCA-ST	http://dgp.cnpq.br/dgp/espelhogrupo/9237823332380627	14	26	1	1
49	2025-11-10 19:02:17.076162+00	2025-11-10 19:02:17.076178+00	Grupo De Energias Renováveis Para Automação	GERA	http://dgp.cnpq.br/dgp/espelhogrupo/2498090283444757	16	5	1	1
50	2025-11-10 19:02:17.107015+00	2025-11-10 19:02:17.10703+00	Grupo De Estudo E Pesquisa Em Agroecologia	GEPA	http://dgp.cnpq.br/dgp/espelhogrupo/2027190759412610	6	30	1	1
51	2025-11-10 19:02:17.134405+00	2025-11-10 19:02:17.13442+00	Grupo De Estudo E Pesquisa Em Alfabetização Científica E Espaços De Educação Não Formal	GEPAC	http://dgp.cnpq.br/dgp/espelhogrupo/1424150001089948	1	1	1	1
52	2025-11-10 19:02:17.161069+00	2025-11-10 19:02:17.161083+00	Grupo De Estudo E Pesquisa Em Educação Científica E Movimento Ctsa - Gepec	CTSA - GEPEC	http://dgp.cnpq.br/dgp/espelhogrupo/1733835760306387	1	1	1	1
53	2025-11-10 19:02:17.188744+00	2025-11-10 19:02:17.18876+00	Grupo De Estudo E Pesquisa Em Educação Física	GEPEF	http://dgp.cnpq.br/dgp/espelhogrupo/0724427029474026	2	32	1	1
54	2025-11-10 19:02:17.207744+00	2025-11-10 19:02:17.207774+00	Grupo De Estudo E Pesquisa Em Educação Matemática E Ensino Médio	GRUPEMEM	http://dgp.cnpq.br/dgp/espelhogrupo/9204323858445012	2	1	1	1
55	2025-11-10 19:02:17.230569+00	2025-11-10 19:02:17.230583+00	Grupo De Estudo E Pesquisa Em Educação, Tradução E Interpretação Em Libras	Gepeti	http://dgp.cnpq.br/dgp/espelhogrupo/9215154393414333	1	1	1	1
56	2025-11-10 19:02:17.250411+00	2025-11-10 19:02:17.250426+00	Grupo De Estudo E Pesquisa Em Formação Colaborativa De Professores	COLABORA	http://dgp.cnpq.br/dgp/espelhogrupo/3242716982202411	11	1	1	1
57	2025-11-10 19:02:17.278913+00	2025-11-10 19:02:17.278928+00	Grupo De Estudo E Pesquisa Em Tecnologias Educacionais	EduTec	http://dgp.cnpq.br/dgp/espelhogrupo/4728798315313409	1	26	1	1
58	2025-11-10 19:02:17.303297+00	2025-11-10 19:02:17.303316+00	Grupo De Estudo Em Escrita Criativa	GEEC	http://dgp.cnpq.br/dgp/espelhogrupo/5995159562418250	13	27	1	1
59	2025-11-10 19:02:17.33457+00	2025-11-10 19:02:17.334592+00	Grupo De Estudo Em Manufatura Digital	GEMAD	http://dgp.cnpq.br/dgp/espelhogrupo/5355592667807549	21	18	1	1
60	2025-11-10 19:02:17.382485+00	2025-11-10 19:02:17.382501+00	Grupo De Estudo Em Tecnologia, Ensino E Cultura Maker	GETEC	http://dgp.cnpq.br/dgp/espelhogrupo/3808551130622600	16	1	1	1
61	2025-11-10 19:02:17.413367+00	2025-11-10 19:02:17.413383+00	Grupo De Estudo Em Tecnologias Disruptivas	GETEDI	http://dgp.cnpq.br/dgp/espelhogrupo/8995224248733932	21	2	1	1
62	2025-11-10 19:02:17.434669+00	2025-11-10 19:02:17.434687+00	Grupo De Estudos Afro-brasileiros E Indígenas	GEABI	http://dgp.cnpq.br/dgp/espelhogrupo/8795950133791849	3	1	1	1
63	2025-11-10 19:02:17.474687+00	2025-11-10 19:02:17.474703+00	Grupo De Estudos E Aplicações Em Matemática, Estatística E Probabilidade	GEAMEP	http://dgp.cnpq.br/dgp/espelhogrupo/6051161628514365	6	34	1	1
64	2025-11-10 19:02:17.500525+00	2025-11-10 19:02:17.50054+00	Grupo De Estudos E Pesquisa Em Administração E Educação Profissional	GEPAEP	http://dgp.cnpq.br/dgp/espelhogrupo/8489349699351642	21	15	1	1
65	2025-11-10 19:02:17.519048+00	2025-11-10 19:02:17.519066+00	Grupo De Estudos E Pesquisa Em Administração, Ciências Contábeis E Economia	GEPACE	http://dgp.cnpq.br/dgp/espelhogrupo/1043149317009916	22	15	1	1
66	2025-11-10 19:02:17.546354+00	2025-11-10 19:02:17.546374+00	Grupo De Estudos E Pesquisa Em Agrossilvicultura	GP-Agrossilvicultura	http://dgp.cnpq.br/dgp/espelhogrupo/4796036097690778	18	30	1	1
67	2025-11-10 19:02:17.565262+00	2025-11-10 19:02:17.565277+00	Grupo De Estudos E Pesquisa Em Práticas Pedagógicas Inclusivas	GEPPI-Ifes Aracruz	http://dgp.cnpq.br/dgp/espelhogrupo/2472980068615590	8	1	1	1
68	2025-11-10 19:02:17.592391+00	2025-11-10 19:02:17.592407+00	Grupo De Estudos E Pesquisas Educação E Linguagens	GEPEL	http://dgp.cnpq.br/dgp/espelhogrupo/9028079977618876	12	29	1	1
69	2025-11-10 19:02:17.610137+00	2025-11-10 19:02:17.610155+00	Grupo De Estudos E Pesquisas Em Alfabetização Escolar	Gespae	http://dgp.cnpq.br/dgp/espelhogrupo/3818286439433134	1	1	1	1
70	2025-11-10 19:02:17.641289+00	2025-11-10 19:02:17.641308+00	Grupo De Estudos E Pesquisas Em Educação Especial E Educação Inclusiva Na Educação Profissional E Tecnológica	Cefor	http://dgp.cnpq.br/dgp/espelhogrupo/8511875868515266	11	1	1	1
71	2025-11-10 19:02:17.720822+00	2025-11-10 19:02:17.720838+00	Grupo De Estudos E Pesquisas Em Educação Matemática Crítica E Educação Libertadora	Gepemcel	http://dgp.cnpq.br/dgp/espelhogrupo/5172588343815150	2	1	1	1
72	2025-11-10 19:02:17.740496+00	2025-11-10 19:02:17.740513+00	Grupo De Estudos E Pesquisas Em Educação Matemática Do Espírito Santo	GEPEM-ES	http://dgp.cnpq.br/dgp/espelhogrupo/4376065762334921	2	1	1	1
73	2025-11-10 19:02:17.769624+00	2025-11-10 19:02:17.769655+00	Grupo De Estudos E Pesquisas Em Educação Profissional E Tecnológica	GRUESP-EPT		9	2	1	1
74	2025-11-10 19:02:17.79108+00	2025-11-10 19:02:17.791097+00	Grupo De Estudos E Pesquisas Em Educação, Gênero, Sexualidades E Diversidades	GEPE GESEDI	http://dgp.cnpq.br/dgp/espelhogrupo/5651828229751427	3	29	1	1
75	2025-11-10 19:02:17.817801+00	2025-11-10 19:02:17.817818+00	Grupo De Estudos E Pesquisas Em Filosofias, Educações, Ciências, Culturas E Sexualidades	Kultur	http://dgp.cnpq.br/dgp/espelhogrupo/4026250774176029	10	1	1	1
76	2025-11-10 19:02:17.838835+00	2025-11-10 19:02:17.838849+00	Grupo De Estudos E Pesquisas Em Formação De Professores Em Educação Em Ciências	FOPEC	http://dgp.cnpq.br/dgp/espelhogrupo/9707981522566573	1	1	1	1
77	2025-11-10 19:02:17.872568+00	2025-11-10 19:02:17.872582+00	Grupo De Estudos E Pesquisas Em Modelo Dos Campos Semânticos E Educação Matemática	Gepemem	http://dgp.cnpq.br/dgp/espelhogrupo/3997687047031532	2	1	1	1
78	2025-11-10 19:02:17.905605+00	2025-11-10 19:02:17.90562+00	Grupo De Estudos E Pesquisas Interdisciplinares Em Educação Ambiental, Sustentabilidade E Agroecologia	GEPIEASA	http://dgp.cnpq.br/dgp/espelhogrupo/1140125022913191	3	1	1	1
79	2025-11-10 19:02:17.928655+00	2025-11-10 19:02:17.928673+00	Grupo De Estudos E Pesquisas Sobre Interculturalidade E Diversidade	GEPIDi	http://dgp.cnpq.br/dgp/espelhogrupo/7108119627785075	12	1	1	1
80	2025-11-10 19:02:17.960163+00	2025-11-10 19:02:17.96018+00	Grupo De Estudos Em Cerâmicas Avançadas E Materiais Vítreos	GECAM	http://dgp.cnpq.br/dgp/espelhogrupo/1528092134731446	2	14	1	1
81	2025-11-10 19:02:17.990376+00	2025-11-10 19:02:17.990392+00	Grupo De Estudos Em Energia	GREEN	http://dgp.cnpq.br/dgp/espelhogrupo/7892575946525228	22	5	1	1
82	2025-11-10 19:02:18.009929+00	2025-11-10 19:02:18.009948+00	Grupo De Estudos Em Gestão, Contabilidade E Finanças	GECOF	http://dgp.cnpq.br/dgp/espelhogrupo/7314745721614707	15	15	1	1
83	2025-11-10 19:02:18.030552+00	2025-11-10 19:02:18.030568+00	Grupo De Estudos Em Informática Aplicada	LIA	http://dgp.cnpq.br/dgp/espelhogrupo/3389965362422646	4	26	1	1
84	2025-11-10 19:02:18.05416+00	2025-11-10 19:02:18.054176+00	Grupo De Estudos Em Modelagem Ambiental E Sustentabilidade	GEMA	http://dgp.cnpq.br/dgp/espelhogrupo/8245519123521752	2	35	1	1
85	2025-11-10 19:02:18.08584+00	2025-11-10 19:02:18.085855+00	Grupo De Estudos Em Pesca E Conservação	GEPEC	http://dgp.cnpq.br/dgp/espelhogrupo/9714915303655859	12	22	1	1
86	2025-11-10 19:02:18.108104+00	2025-11-10 19:02:18.108123+00	Grupo De Estudos Em Processamento De Pescado	GePP	http://dgp.cnpq.br/dgp/espelhogrupo/9531356994765516	12	22	1	1
87	2025-11-10 19:02:18.138807+00	2025-11-10 19:02:18.138825+00	Grupo De Estudos Em Robótica, Metaverso E Inteligência Artificial	GERMINA	http://dgp.cnpq.br/dgp/espelhogrupo/1617370079351763	9	26	1	1
88	2025-11-10 19:02:18.163182+00	2025-11-10 19:02:18.1632+00	Grupo De Estudos Territoriais E A Atividade Pesqueira	GETAP	http://dgp.cnpq.br/dgp/espelhogrupo/6066002379109047	12	6	1	1
89	2025-11-10 19:02:18.186251+00	2025-11-10 19:02:18.18627+00	Grupo De Estudos, Avaliação E Gestão Ambiental	GEAGA	http://dgp.cnpq.br/dgp/espelhogrupo/2795814291934525	19	37	1	1
90	2025-11-10 19:02:18.206979+00	2025-11-10 19:02:18.206996+00	Grupo De Estudos, Pesquisa E Extensão Em Sociedade E Emancipação	GEPESE	http://dgp.cnpq.br/dgp/espelhogrupo/8265935302213456	2	1	1	1
91	2025-11-10 19:02:18.239477+00	2025-11-10 19:02:18.239491+00	Grupo De Fisica Teorica E Aplicada	GFTA	http://dgp.cnpq.br/dgp/espelhogrupo/1284983444769900	2	38	1	1
92	2025-11-10 19:02:18.266788+00	2025-11-10 19:02:18.266804+00	Grupo De Física Teórica E Matemática Abstrata	GFÍTEMA	http://dgp.cnpq.br/dgp/espelhogrupo/0711267200002176	2	38	1	1
93	2025-11-10 19:02:18.298588+00	2025-11-10 19:02:18.298604+00	Grupo De Investigação E Aplicação Em Ciências Naturais E Tecnológicas	GIACNTEC	http://dgp.cnpq.br/dgp/espelhogrupo/8024667215471481	22	9	1	1
94	2025-11-10 19:02:18.356951+00	2025-11-10 19:02:18.356967+00	Grupo De Pesquisa De Tecnologia Assistiva, Saúde, Esporte E Lazer	LATASEL	http://dgp.cnpq.br/dgp/espelhogrupo/3126596017951971	2	40	1	1
95	2025-11-10 19:02:18.378855+00	2025-11-10 19:02:18.378874+00	Grupo De Pesquisa Em Agricultura Digital	GPAD	http://dgp.cnpq.br/dgp/espelhogrupo/4454351932279084	6	30	1	1
96	2025-11-10 19:02:18.410364+00	2025-11-10 19:02:18.41038+00	Grupo De Pesquisa Em Diversidades E Gênero	Divergen	http://dgp.cnpq.br/dgp/espelhogrupo/2045083226462569	4	21	1	1
97	2025-11-10 19:02:18.429527+00	2025-11-10 19:02:18.429543+00	Grupo De Pesquisa Em Educação Financeira	GPEFIN	http://dgp.cnpq.br/dgp/espelhogrupo/4462016413695508	5	15	1	1
98	2025-11-10 19:02:18.453723+00	2025-11-10 19:02:18.45374+00	Grupo De Pesquisa Em Educação Matemática E Tecnologias Digitais	EMaTeD	http://dgp.cnpq.br/dgp/espelhogrupo/9193060677772817	2	1	1	1
99	2025-11-10 19:02:18.486667+00	2025-11-10 19:02:18.486687+00	Grupo De Pesquisa Em Educação Matemática Inclusiva	GPEMI	http://dgp.cnpq.br/dgp/espelhogrupo/9689413274150724	1	1	1	1
100	2025-11-10 19:02:18.511689+00	2025-11-10 19:02:18.511707+00	Grupo De Pesquisa Em Educação Matemática, Diferença E Inclusão	DEVIRES	http://dgp.cnpq.br/dgp/espelhogrupo/8939662794089556	2	1	1	1
101	2025-11-10 19:02:18.538349+00	2025-11-10 19:02:18.538367+00	Grupo De Pesquisa Em Educação Matemática, Matemática Pura E Aplicada	GPEMMPA	http://dgp.cnpq.br/dgp/espelhogrupo/2123719070474287	8	33	1	1
102	2025-11-10 19:02:18.566385+00	2025-11-10 19:02:18.566403+00	Grupo De Pesquisa Em Educação, Cidadania E Informação	Educin	http://dgp.cnpq.br/dgp/espelhogrupo/0474662924779267	2	1	1	1
103	2025-11-10 19:02:18.598404+00	2025-11-10 19:02:18.598419+00	Grupo De Pesquisa Em Energias Renováveis	GPER	http://dgp.cnpq.br/dgp/espelhogrupo/9287043256622916	9	5	1	1
104	2025-11-10 19:02:18.63112+00	2025-11-10 19:02:18.631136+00	Grupo De Pesquisa Em Ensino De Física	GpenFis	http://dgp.cnpq.br/dgp/espelhogrupo/7250671542350841	21	38	1	1
105	2025-11-10 19:02:18.658818+00	2025-11-10 19:02:18.658833+00	Grupo De Pesquisa Em Ensino De Matemática Do Espírito Santo	GPEMES	http://dgp.cnpq.br/dgp/espelhogrupo/8059781197709830	9	1	1	1
106	2025-11-10 19:02:18.677548+00	2025-11-10 19:02:18.677565+00	Grupo De Pesquisa Em Ética E Teoria Política	PHRÓNESIS	http://dgp.cnpq.br/dgp/espelhogrupo/4506860063479352	13	24	1	1
107	2025-11-10 19:02:18.717547+00	2025-11-10 19:02:18.717567+00	Grupo De Pesquisa Em Física Teórica	GPFT - IFES	http://dgp.cnpq.br/dgp/espelhogrupo/2922260591585066	21	38	1	1
108	2025-11-10 19:02:18.746231+00	2025-11-10 19:02:18.74625+00	Grupo De Pesquisa Em Fitoquímica E Síntese Orgânica	GPFSO	http://dgp.cnpq.br/dgp/espelhogrupo/6592340159079020	8	8	1	1
109	2025-11-10 19:02:18.777816+00	2025-11-10 19:02:18.777833+00	Grupo De Pesquisa Em Geoprocessamento Do Ifes Vitória	GeoIfes	http://dgp.cnpq.br/dgp/espelhogrupo/0104949923524505	2	28	1	1
110	2025-11-10 19:02:18.817842+00	2025-11-10 19:02:18.817859+00	Grupo De Pesquisa Em Matemática Aplicada E Computacional	GPMAC	http://dgp.cnpq.br/dgp/espelhogrupo/0712463873433593	2	33	1	1
111	2025-11-10 19:02:18.87405+00	2025-11-10 19:02:18.874068+00	Grupo De Pesquisa Em Materiais De Aracruz	GPMAR	http://dgp.cnpq.br/dgp/espelhogrupo/6194523515701328	8	14	1	1
112	2025-11-10 19:02:18.891994+00	2025-11-10 19:02:18.892015+00	Grupo De Pesquisa Em Modelagem Físico-matemática E Computacional Para Soluções De Problemas De Engenharia Mecânica	ModEM-ARA	http://dgp.cnpq.br/dgp/espelhogrupo/8129694673273009	8	4	1	1
113	2025-11-10 19:02:18.918548+00	2025-11-10 19:02:18.91857+00	Grupo De Pesquisa Em Práticas Educacionais	GPPE	http://dgp.cnpq.br/dgp/espelhogrupo/8549342100576291	10	1	1	1
114	2025-11-10 19:02:18.949009+00	2025-11-10 19:02:18.949025+00	Grupo De Pesquisa Em Práticas Pedagógicas De Matemática	Grupem	http://dgp.cnpq.br/dgp/espelhogrupo/6023201540436394	2	1	1	1
115	2025-11-10 19:02:18.989476+00	2025-11-10 19:02:18.989496+00	Grupo De Pesquisa Em Promoção E Gestão Da Inovação	PRO-INOVA	http://dgp.cnpq.br/dgp/espelhogrupo/8862070741218901	4	15	1	1
116	2025-11-10 19:02:19.03044+00	2025-11-10 19:02:19.030455+00	Grupo De Pesquisa Em Redes E Otimização	GPRO	http://dgp.cnpq.br/dgp/espelhogrupo/2060704831588381	16	26	1	1
117	2025-11-10 19:02:19.059924+00	2025-11-10 19:02:19.059942+00	Grupo De Pesquisa Em Tecnologias Educacionais	Geted	http://dgp.cnpq.br/dgp/espelhogrupo/9235167436150239	7	2	1	1
118	2025-11-10 19:02:19.081389+00	2025-11-10 19:02:19.081411+00	Grupo De Pesquisa Espaço E Saber	GPES	http://dgp.cnpq.br/dgp/espelhogrupo/2011896170720981	5	28	1	1
119	2025-11-10 19:02:19.103315+00	2025-11-10 19:02:19.103329+00	Grupo De Pesquisas Aplicadas Em Água E Solo	GPAAS	http://dgp.cnpq.br/dgp/espelhogrupo/0343404635555454	6	30	1	1
120	2025-11-10 19:02:19.134901+00	2025-11-10 19:02:19.134918+00	Grupo De Pesquisas Em Agricultura Familiar & Sustentabilidade	GPAFAS	http://dgp.cnpq.br/dgp/espelhogrupo/4581719948847384	15	2	1	1
121	2025-11-10 19:02:19.155463+00	2025-11-10 19:02:19.155479+00	Grupo De Pesquisas Em História Da Matemática E Saberes Tradicionais	GHMat	http://dgp.cnpq.br/dgp/espelhogrupo/5001244654733523	2	1	1	1
122	2025-11-10 19:02:19.189141+00	2025-11-10 19:02:19.189157+00	Grupo De Pesquisas Em Mecânica Dos Fluidos	GPMF	http://dgp.cnpq.br/dgp/espelhogrupo/2840185219853617	10	4	1	1
123	2025-11-10 19:02:19.237868+00	2025-11-10 19:02:19.237889+00	Grupo De Sistemas Térmicos	GST	http://dgp.cnpq.br/dgp/espelhogrupo/3951962077066654	2	4	1	1
124	2025-11-10 19:02:19.263216+00	2025-11-10 19:02:19.263234+00	Grupo Física Aplicada - Gfa	GFA	http://dgp.cnpq.br/dgp/espelhogrupo/5926514670388299	6	38	1	1
125	2025-11-10 19:02:19.310871+00	2025-11-10 19:02:19.310888+00	História Das Interações Políticas, Culturais, Econômicas E Sociais	ECES História	http://dgp.cnpq.br/dgp/espelhogrupo/6166271948718112	16	21	1	1
126	2025-11-10 19:02:19.328924+00	2025-11-10 19:02:19.328944+00	História E Filosofia Da Ciência	HISTOFIC	http://dgp.cnpq.br/dgp/espelhogrupo/0159494320519451	1	1	1	1
127	2025-11-10 19:02:19.376428+00	2025-11-10 19:02:19.376443+00	Ifes Maker	Ifes Maker	http://dgp.cnpq.br/dgp/espelhogrupo/2595568347092944	21	43	1	1
128	2025-11-10 19:02:19.404237+00	2025-11-10 19:02:19.404253+00	Inovação E Criatividade Na Educação	INOCRIE	http://dgp.cnpq.br/dgp/espelhogrupo/7917165835591861	11	1	1	1
129	2025-11-10 19:02:19.430008+00	2025-11-10 19:02:19.430023+00	Instituições E Representações: Analíticas E Críticas	IRAC	http://dgp.cnpq.br/dgp/espelhogrupo/0974089294606200	7	24	1	1
130	2025-11-10 19:02:19.452835+00	2025-11-10 19:02:19.452854+00	Irrifes	Irrifes	http://dgp.cnpq.br/dgp/espelhogrupo/5605541150428022	14	25	1	1
131	2025-11-10 19:02:19.482657+00	2025-11-10 19:02:19.48268+00	Laboratório De Análise De Cervejas E Matérias Primas	Lacemp	http://dgp.cnpq.br/dgp/espelhogrupo/8596774888896922	1	8	1	1
132	2025-11-10 19:02:19.508605+00	2025-11-10 19:02:19.508624+00	Laboratório De Analítica, Metabolômica E Quimiometria	LAMEQUI	http://dgp.cnpq.br/dgp/espelhogrupo/0653304089025296	6	8	1	1
133	2025-11-10 19:02:19.526658+00	2025-11-10 19:02:19.526673+00	Laboratório De Automação E Inovação Em Rochas	LAIR	http://dgp.cnpq.br/dgp/espelhogrupo/4359404866502493	9	5	1	1
134	2025-11-10 19:02:19.5643+00	2025-11-10 19:02:19.564322+00	Laboratório De Estudos E Pesquisas Em Metodologias Ativas E Tecnologias Sociais	LEMATEC	http://dgp.cnpq.br/dgp/espelhogrupo/5268097066450891	16	1	1	1
135	2025-11-10 19:02:19.593721+00	2025-11-10 19:02:19.593738+00	Laboratório De Estudos E Pesquisas Em Tecnologia Social, Trabalho E Educação No Contemporâneo	LabTEC		2	1	1	1
136	2025-11-10 19:02:19.627889+00	2025-11-10 19:02:19.62791+00	Laboratório De Estudos Em Ciência, Tecnologia E Inovação	Scientia Lab	http://dgp.cnpq.br/dgp/espelhogrupo/1891486420768989	15	45	1	1
137	2025-11-10 19:02:19.649199+00	2025-11-10 19:02:19.649215+00	Laboratório De História Pública	LHIPU	http://dgp.cnpq.br/dgp/espelhogrupo/7730102663814437	2	21	1	1
138	2025-11-10 19:02:19.67031+00	2025-11-10 19:02:19.670328+00	Laboratório De História Regional, Relações Étnico-raciais E Cultura Pomerana	Labir	http://dgp.cnpq.br/dgp/espelhogrupo/7367495027179203	15	21	1	1
139	2025-11-10 19:02:19.692417+00	2025-11-10 19:02:19.692434+00	Laboratório De Inteligência Computacional E Sistemas De Informação	LAICSI	http://dgp.cnpq.br/dgp/espelhogrupo/5492811131024993	16	26	1	1
140	2025-11-10 19:02:19.715564+00	2025-11-10 19:02:19.715574+00	Laboratório De Inteligência Computacional Na Saúde	LICS	http://dgp.cnpq.br/dgp/espelhogrupo/9367837608897047	9	26	1	1
141	2025-11-10 19:02:19.733371+00	2025-11-10 19:02:19.733376+00	Laboratório De Práticas E Gestão Da Educação Do Espírito Santo (lapragees)	LAPRAGEES	http://dgp.cnpq.br/dgp/espelhogrupo/1959065633072415	21	1	1	1
142	2025-11-10 19:02:19.74029+00	2025-11-10 19:02:19.740295+00	Laboratório De Soluções Sustentáveis	Lass	http://dgp.cnpq.br/dgp/espelhogrupo/4320921666912973	21	18	1	1
143	2025-11-10 19:02:19.749714+00	2025-11-10 19:02:19.749721+00	Laboratório Experimental De Investigação Sobre Corpos, Afetos E Subjetividades	Lexicorpas	http://dgp.cnpq.br/dgp/espelhogrupo/2415962384558138	2	2	1	1
144	2025-11-10 19:02:19.758696+00	2025-11-10 19:02:19.758701+00	Lingua(gem) E Ensino	LIEN	http://dgp.cnpq.br/dgp/espelhogrupo/0904211391466819	2	27	1	1
145	2025-11-10 19:02:19.777568+00	2025-11-10 19:02:19.777574+00	Mátemática, Matemática Aplicada E Ensino De Matemática	MAEM	http://dgp.cnpq.br/dgp/espelhogrupo/0130265559347093	21	33	1	1
146	2025-11-10 19:02:19.791005+00	2025-11-10 19:02:19.791011+00	Materiais E Processos De Fabricação Mecânica	MPFM	http://dgp.cnpq.br/dgp/espelhogrupo/8854736452789413	10	4	1	1
147	2025-11-10 19:02:19.808388+00	2025-11-10 19:02:19.808393+00	Mechanical And Mobility Innovation Research Group	MIRG	http://dgp.cnpq.br/dgp/espelhogrupo/2581921278209916	10	4	1	1
148	2025-11-10 19:02:19.818905+00	2025-11-10 19:02:19.81891+00	Melhoramento Genético Vegetal	GMGV	http://dgp.cnpq.br/dgp/espelhogrupo/6237528148822062	6	30	1	1
149	2025-11-10 19:02:19.828853+00	2025-11-10 19:02:19.828858+00	Metodologias E Práticas De Ensino (epe)	MEPEIFES	http://dgp.cnpq.br/dgp/espelhogrupo/8360653221997144	10	1	1	1
150	2025-11-10 19:02:19.83811+00	2025-11-10 19:02:19.838132+00	Métodos Computacionais Em Mecânica Dos Sólidos - Ifes	MECSOL IFES	http://dgp.cnpq.br/dgp/espelhogrupo/6140038379168358	8	4	1	1
151	2025-11-10 19:02:19.847979+00	2025-11-10 19:02:19.847985+00	Modelagem E Simulação Computacionais No Ensino De Física	MOSEF	http://dgp.cnpq.br/dgp/espelhogrupo/3924390588843321	18	1	1	1
152	2025-11-10 19:02:19.854205+00	2025-11-10 19:02:19.85421+00	Núcleo Acadêmico De Desconstrução, Extensão E Pesquisa Em Economia Criativa E Sustentabilidade	POIEIN	http://dgp.cnpq.br/dgp/espelhogrupo/5269607181905153	13	15	1	1
153	2025-11-10 19:02:19.863137+00	2025-11-10 19:02:19.863143+00	Núcleo Capixaba De Estudos Em Linguística Aplicada	Nucela	http://dgp.cnpq.br/dgp/espelhogrupo/4403428191779306	2	29	1	1
154	2025-11-10 19:02:19.870001+00	2025-11-10 19:02:19.870007+00	Núcleo De Cálculo Avançado Em Estruturas	NuCAE	http://dgp.cnpq.br/dgp/espelhogrupo/1517447035341302	19	3	1	1
155	2025-11-10 19:02:19.87816+00	2025-11-10 19:02:19.878165+00	Núcleo De Educação Ctsa Em Ensino De Ciências	NECTSA	http://dgp.cnpq.br/dgp/espelhogrupo/9258471337751633	1	1	1	1
156	2025-11-10 19:02:19.887137+00	2025-11-10 19:02:19.887144+00	Núcleo De Estruturação Do Ensino De Física Do Ifes	NEEF	http://dgp.cnpq.br/dgp/espelhogrupo/0584582648981738	21	38	1	1
157	2025-11-10 19:02:19.907077+00	2025-11-10 19:02:19.907096+00	Núcleo De Estudo Em Materiais De Construção E Estruturas	NEMATEST	http://dgp.cnpq.br/dgp/espelhogrupo/8201303236197609	19	3	1	1
158	2025-11-10 19:02:19.930834+00	2025-11-10 19:02:19.930852+00	Núcleo De Estudos De Estruturas	NEECNI	http://dgp.cnpq.br/dgp/espelhogrupo/8484214804490231	19	3	1	1
159	2025-11-10 19:02:19.95586+00	2025-11-10 19:02:19.955877+00	Núcleo De Estudos E Pesquisa Em Energia	NEPE	http://dgp.cnpq.br/dgp/espelhogrupo/1508119498437374	10	5	1	1
160	2025-11-10 19:02:19.977784+00	2025-11-10 19:02:19.9778+00	Núcleo De Estudos E Pesquisas Em Gestão	NEPGEST	http://dgp.cnpq.br/dgp/espelhogrupo/6497161386656480	21	15	1	1
161	2025-11-10 19:02:19.990533+00	2025-11-10 19:02:19.990542+00	Núcleo De Estudos E Pesquisas Em Hermenêutica, Educação E Humanidades.	NEPHEH	http://dgp.cnpq.br/dgp/espelhogrupo/2500154026904930	2	1	1	1
162	2025-11-10 19:02:20.012494+00	2025-11-10 19:02:20.012511+00	Núcleo De Estudos E Pesquisas Em Política E Sociedade	NEPSO	http://dgp.cnpq.br/dgp/espelhogrupo/6107887245518262	4	43	1	1
163	2025-11-10 19:02:20.034231+00	2025-11-10 19:02:20.03425+00	Núcleo De Estudos E Pesquisas Em Portos	NEPP	http://dgp.cnpq.br/dgp/espelhogrupo/7352550665614412	21	15	1	1
164	2025-11-10 19:02:20.055773+00	2025-11-10 19:02:20.055787+00	Núcleo De Estudos E Pesquisas Em Práticas Sociais, Saúde E Ensino De Ciências (nepsos)	Nepsos	http://dgp.cnpq.br/dgp/espelhogrupo/7097508396286633	1	46	1	1
165	2025-11-10 19:02:20.069641+00	2025-11-10 19:02:20.069651+00	Núcleo De Estudos E Pesquisas Em Rochas Ornamentais	NEPRO	http://dgp.cnpq.br/dgp/espelhogrupo/nepro	23	15	1	1
166	2025-11-10 19:02:20.079748+00	2025-11-10 19:02:20.079756+00	Núcleo De Estudos Em Apoio À Decisão	NEAD	http://dgp.cnpq.br/dgp/espelhogrupo/9907291695604247	21	18	1	1
167	2025-11-10 19:02:20.088526+00	2025-11-10 19:02:20.088532+00	Núcleo De Estudos Em Ensino De Ciências E Matemática	NEECM	http://dgp.cnpq.br/dgp/espelhogrupo/9425354180491980	19	23	1	1
168	2025-11-10 19:02:20.100873+00	2025-11-10 19:02:20.100878+00	Núcleo De Estudos Em Filosofia, Educação E Sociedade	IF-Analytica	http://dgp.cnpq.br/dgp/espelhogrupo/5594666768458737	3	24	1	1
169	2025-11-10 19:02:20.109522+00	2025-11-10 19:02:20.109527+00	Núcleo De Estudos Em Robótica E Automação	NERA	http://dgp.cnpq.br/dgp/espelhogrupo/0885492618252118	16	5	1	1
170	2025-11-10 19:02:20.119928+00	2025-11-10 19:02:20.119933+00	Núcleo De Estudos Em Sistemas Ciberfísicos	NESC	http://dgp.cnpq.br/dgp/espelhogrupo/7313036179451336	16	5	1	1
171	2025-11-10 19:02:20.129957+00	2025-11-10 19:02:20.129963+00	Núcleo De Estudos Em Teoria Da Computação E Técnicas De Computação	Nu(TeC)²	http://dgp.cnpq.br/dgp/espelhogrupo/4201359100034312	16	26	1	1
172	2025-11-10 19:02:20.138729+00	2025-11-10 19:02:20.138734+00	Núcleo De Estudos Em Tratamento E Reúso De Águas E Efluentes	NETRA	http://dgp.cnpq.br/dgp/espelhogrupo/6360830222724795	21	35	1	1
173	2025-11-10 19:02:20.146219+00	2025-11-10 19:02:20.146226+00	Núcleo De Estudos Interdisciplinares Em Educação, Ciência E Tecnologia (neiect)	NEIECT	http://dgp.cnpq.br/dgp/espelhogrupo/1312508434397769	20	2	1	1
174	2025-11-10 19:02:20.15581+00	2025-11-10 19:02:20.155816+00	Núcleo De Estudos Sobre Acesso, Permanência E Êxito	NEAPE	http://dgp.cnpq.br/dgp/espelhogrupo/4437628762266847	21	1	1	1
175	2025-11-10 19:02:20.162642+00	2025-11-10 19:02:20.162648+00	Núcleo De Estudos Sobre Povos Tradicionais E Originários	Nepto	http://dgp.cnpq.br/dgp/espelhogrupo/2692465660161529	8	1	1	1
176	2025-11-10 19:02:20.171363+00	2025-11-10 19:02:20.171368+00	Núcleo De Estudos Sobre Produção Enxuta E Sustentável	NEPES	http://dgp.cnpq.br/dgp/espelhogrupo/6643472865355655	21	18	1	1
177	2025-11-10 19:02:20.178222+00	2025-11-10 19:02:20.178228+00	Núcleo De Estudos Tecnológicos	NETEC	http://dgp.cnpq.br/dgp/espelhogrupo/9088860635355330	12	26	1	1
178	2025-11-10 19:02:20.185273+00	2025-11-10 19:02:20.185278+00	Núcleo De Estudos, Pesquisas E Práticas Em Estatística Aplicada	NEPPEA	http://dgp.cnpq.br/dgp/espelhogrupo/9939024859145817	21	34	1	1
179	2025-11-10 19:02:20.19217+00	2025-11-10 19:02:20.192175+00	Núcleo De Gestão, Empreendedorismo E Inovação	NUGEIN	http://dgp.cnpq.br/dgp/espelhogrupo/5708458833286557	16	15	1	1
180	2025-11-10 19:02:20.19964+00	2025-11-10 19:02:20.199646+00	Núcleo De Pesquisa Em Avaliação De Impacto	Nupai	http://dgp.cnpq.br/dgp/espelhogrupo/6134486576852195	2	35	1	1
181	2025-11-10 19:02:20.209847+00	2025-11-10 19:02:20.209853+00	Núcleo De Pesquisa Em Eletrônica E Processamento De Sinais	NEPS	http://dgp.cnpq.br/dgp/espelhogrupo/8718499640782120	10	5	1	1
182	2025-11-10 19:02:20.223241+00	2025-11-10 19:02:20.223247+00	Núcleo De Pesquisas Siderúrgicas	NUPES	http://dgp.cnpq.br/dgp/espelhogrupo/4789785560483569	2	14	1	1
183	2025-11-10 19:02:20.233075+00	2025-11-10 19:02:20.23308+00	Núcleo De Tecnologias Agropecuária Capixaba	NUTAC	http://dgp.cnpq.br/dgp/espelhogrupo/8982801579982862	20	30	1	1
184	2025-11-10 19:02:20.241918+00	2025-11-10 19:02:20.241924+00	Núcleo Estudos De Materiais De Construção Civil, Custos, Obras E Sustentabilidade	NuENG	http://dgp.cnpq.br/dgp/espelhogrupo/9837246475140578	19	3	1	1
185	2025-11-10 19:02:20.249012+00	2025-11-10 19:02:20.249018+00	Núcleo Interdisciplinar De Estudos Em Educação Ambiental E Agroecologia	NEA	http://dgp.cnpq.br/dgp/espelhogrupo/9530952932741850	18	2	1	1
186	2025-11-10 19:02:20.256679+00	2025-11-10 19:02:20.256685+00	Observatório Astronômico Do Ifes Guarapari	OAIG	http://dgp.cnpq.br/dgp/espelhogrupo/3137362828701830	7	47	1	1
187	2025-11-10 19:02:20.264318+00	2025-11-10 19:02:20.264324+00	Observatório Da Cultura Alimentar	OCA	http://dgp.cnpq.br/dgp/espelhogrupo/3028344722558218	5	48	1	1
188	2025-11-10 19:02:20.276595+00	2025-11-10 19:02:20.2766+00	Organization For Photovoltaic Energy Usages And Studies	ORPHEUS	http://dgp.cnpq.br/dgp/espelhogrupo/8460820064375074	10	5	1	1
189	2025-11-10 19:02:20.29365+00	2025-11-10 19:02:20.293656+00	Pesquisas Em Saneamento Ambiental	SANEAR	http://dgp.cnpq.br/dgp/espelhogrupo/4143459691756956	2	35	1	1
190	2025-11-10 19:02:20.304727+00	2025-11-10 19:02:20.304738+00	Políticas De Formação Docente Na Concepção Freiriana	(PFD)	http://dgp.cnpq.br/dgp/espelhogrupo/0259717843115283	1	1	1	1
191	2025-11-10 19:02:20.323597+00	2025-11-10 19:02:20.323613+00	Processos Biotecnológicos: Aplicações Em Engenharia E Ensino	BioEn	http://dgp.cnpq.br/dgp/espelhogrupo/2525217352340700	1	19	1	1
192	2025-11-10 19:02:20.370156+00	2025-11-10 19:02:20.370174+00	Produção E Nutrição De Ruminantes	PNR	http://dgp.cnpq.br/dgp/espelhogrupo/3398524948006656	3	50	1	1
193	2025-11-10 19:02:20.417514+00	2025-11-10 19:02:20.41753+00	Programmable And Intelligent Networking	PING	http://dgp.cnpq.br/dgp/espelhogrupo/6687108387146313	9	26	1	1
194	2025-11-10 19:02:20.437709+00	2025-11-10 19:02:20.437725+00	Propagação E Micropropagação De Plantas	Ifes- ST	http://dgp.cnpq.br/dgp/espelhogrupo/9472424372428365	14	30	1	1
195	2025-11-10 19:02:20.463833+00	2025-11-10 19:02:20.463849+00	Prosatec: Tecnologias Digitais E Computação Na Educação	PROSATEC	http://dgp.cnpq.br/dgp/espelhogrupo/4384835684643444	11	23	1	1
196	2025-11-10 19:02:20.505524+00	2025-11-10 19:02:20.505543+00	Química Aplicada	GPQA	http://dgp.cnpq.br/dgp/espelhogrupo/4705908974942479	6	8	1	1
197	2025-11-10 19:02:20.525919+00	2025-11-10 19:02:20.525936+00	Química Medicinal Aplicada Ao Planejamento De Fármacos Do Espírito Santo	QMAPLAFARM-ES	http://dgp.cnpq.br/dgp/espelhogrupo/6915742836499102	1	8	1	1
198	2025-11-10 19:02:20.559047+00	2025-11-10 19:02:20.559064+00	Química Orgânica E De Produtos Naturais	QOPN	http://dgp.cnpq.br/dgp/espelhogrupo/9575326780112347	8	8	1	1
199	2025-11-10 19:02:20.595736+00	2025-11-10 19:02:20.595754+00	Raízes	Raízes	http://dgp.cnpq.br/dgp/espelhogrupo/7073000271642096	21	1	1	1
200	2025-11-10 19:02:20.629616+00	2025-11-10 19:02:20.629654+00	Reprograme-se	REPROGRAMESE		9	26	1	1
201	2025-11-10 19:02:20.666132+00	2025-11-10 19:02:20.66615+00	Robótica E Automação Inteligente	RAI	http://dgp.cnpq.br/dgp/espelhogrupo/2984431002064399	2	5	1	1
202	2025-11-10 19:02:20.714572+00	2025-11-10 19:02:20.714593+00	Saberes, Afetividade, Formação E Inclusão Relacionados A Aprendizagem	SAFIRA	http://dgp.cnpq.br/dgp/espelhogrupo/1184843840446113	13	1	1	1
203	2025-11-10 19:02:20.745194+00	2025-11-10 19:02:20.745214+00	Sedimentologia E Dinâmica Ambiental	Ifes-Campus Piúma	http://dgp.cnpq.br/dgp/espelhogrupo/6423098755241730	12	52	1	1
204	2025-11-10 19:02:20.780875+00	2025-11-10 19:02:20.780892+00	Simulação E Modelagem De Processos Industriais	SiMoPI	http://dgp.cnpq.br/dgp/espelhogrupo/9260475507097403	2	14	1	1
205	2025-11-10 19:02:20.809453+00	2025-11-10 19:02:20.809468+00	Sistemas Elétricos De Potência E Energia	SEPE	http://dgp.cnpq.br/dgp/espelhogrupo/4500409186753688	7	5	1	1
206	2025-11-10 19:02:20.836852+00	2025-11-10 19:02:20.83687+00	Sistemas Fluidotérmicos	SFT	http://dgp.cnpq.br/dgp/espelhogrupo/6042374680220439	9	4	1	1
207	2025-11-10 19:02:20.89259+00	2025-11-10 19:02:20.892611+00	Tecnologia Para Agricultura De Precisão	TAP	http://dgp.cnpq.br/dgp/espelhogrupo/2971141528708122	3	30	1	1
208	2025-11-10 19:02:20.916361+00	2025-11-10 19:02:20.916384+00	Tecnologia, Empreendedorismo, Inovação E Administração	TEIA	http://dgp.cnpq.br/dgp/espelhogrupo/9080161403091398	3	15	1	1
209	2025-11-10 19:02:20.946455+00	2025-11-10 19:02:20.946472+00	Tecnologias Aplicadas	GTA	http://dgp.cnpq.br/dgp/espelhogrupo/3104542268007514	2	5	1	1
210	2025-11-10 19:02:20.976262+00	2025-11-10 19:02:20.976279+00	Tecnologias De Produção E Caracterização De Rochas Ornamentais	GEPRO	http://dgp.cnpq.br/dgp/espelhogrupo/3848701456546526	9	28	1	1
211	2025-11-10 19:02:21.0122+00	2025-11-10 19:02:21.012219+00	Tecnologias Para Virtualização, Automação E Robotização E Seus Impactos Sociais, Econômicos E Ambientais	tecVAR	http://dgp.cnpq.br/dgp/espelhogrupo/2975913374297053	17	26	1	1
212	2025-11-10 19:02:21.029923+00	2025-11-10 19:02:21.029938+00	Termofluidodinâmica Reativa	TFDR	http://dgp.cnpq.br/dgp/espelhogrupo/9022222572612275	9	4	1	1
213	2025-11-10 19:02:21.053699+00	2025-11-10 19:02:21.053716+00	Tratamento De Minérios	LTM IFES	http://dgp.cnpq.br/dgp/espelhogrupo/3755604573165445	9	31	1	1
214	2025-11-10 19:02:21.077374+00	2025-11-10 19:02:21.077393+00	Tribologia E Engenharia De Superfícies	TriboES	http://dgp.cnpq.br/dgp/espelhogrupo/0520274917916498	8	4	1	1
215	2025-11-10 19:02:21.103383+00	2025-11-10 19:02:21.103402+00	Zitolab	ZitoLab	http://dgp.cnpq.br/dgp/espelhogrupo/4899257640192396	5	13	1	1
216	2025-11-10 19:02:44.526374+00	2025-11-10 19:02:44.526388+00	Labcisne	LABCISNE		24	26	3	1
217	2025-11-10 19:02:44.560056+00	2025-11-10 19:02:44.560062+00	Lcad	LCAD		24	26	3	1
218	2025-11-10 19:02:46.548855+00	2025-11-10 19:02:46.548874+00	Nees – Núcleo De Excelência Em Tecnologias Sociais (Ufal)	N–NDEETS(		24	26	3	1
219	2025-11-10 19:02:46.909123+00	2025-11-10 19:02:46.909143+00	Laboratório De Caracterização Ambiental Do Centro De Pesquisa Inovação E Desenvolvimento Do Espírito Santo	LDCADCDPIEDDES		24	54	3	1
\.


--
-- Data for Name: organizational_group_organizationalunit_initiatives; Type: TABLE DATA; Schema: public; Owner: postgres
--

COPY public.organizational_group_organizationalunit_initiatives (id, organizationalunit_id, initiative_id) FROM stdin;
1	49	3
2	171	4
3	216	4
4	171	5
5	217	5
6	46	6
7	45	7
8	49	9
9	116	10
10	46	11
11	45	12
12	49	13
13	46	17
14	46	19
15	60	22
16	116	23
17	169	24
18	139	25
19	171	30
20	60	32
21	45	33
22	45	36
23	169	37
24	45	38
25	45	41
26	139	42
27	46	43
28	49	44
29	169	46
30	169	47
31	116	48
32	139	49
33	46	50
34	60	51
35	49	52
36	46	53
37	46	54
38	116	55
39	45	56
40	45	57
41	169	58
42	169	59
43	139	60
44	169	61
45	169	64
46	45	65
47	169	66
48	171	67
49	139	68
50	218	68
51	46	69
52	125	71
53	171	73
54	116	74
55	70	75
56	46	76
57	139	77
58	45	78
59	219	78
60	171	79
61	49	80
62	171	81
63	46	82
64	171	83
65	60	84
\.


--
-- Data for Name: organizational_group_organizationalunit_knowledge_areas; Type: TABLE DATA; Schema: public; Owner: postgres
--

COPY public.organizational_group_organizationalunit_knowledge_areas (id, organizationalunit_id, knowledgearea_id) FROM stdin;
1	49	5
2	171	26
3	216	26
4	217	26
5	46	5
6	45	26
7	116	26
8	46	2
9	45	49
10	60	36
11	169	5
12	139	26
13	60	5
14	45	5
15	45	36
16	169	26
17	46	30
18	218	26
19	125	21
20	70	1
21	45	54
22	219	54
\.


--
-- Data for Name: organizational_group_organizationalunit_members; Type: TABLE DATA; Schema: public; Owner: postgres
--

COPY public.organizational_group_organizationalunit_members (id, organizationalunit_id, person_id) FROM stdin;
\.


--
-- Data for Name: organizational_group_organizationalunitleadership; Type: TABLE DATA; Schema: public; Owner: postgres
--

COPY public.organizational_group_organizationalunitleadership (id, created_at, updated_at, start_date, end_date, is_active, person_id, unit_id) FROM stdin;
1	2025-11-10 19:02:15.703057+00	2025-11-10 19:02:15.70308+00	2025-11-10	\N	t	1	1
2	2025-11-10 19:02:15.746502+00	2025-11-10 19:02:15.746532+00	2025-11-10	\N	t	2	2
3	2025-11-10 19:02:15.758248+00	2025-11-10 19:02:15.758272+00	2025-11-10	\N	t	3	2
4	2025-11-10 19:02:15.799488+00	2025-11-10 19:02:15.79951+00	2025-11-10	\N	t	4	3
5	2025-11-10 19:02:15.83801+00	2025-11-10 19:02:15.838036+00	2025-11-10	\N	t	5	4
6	2025-11-10 19:02:15.882969+00	2025-11-10 19:02:15.882985+00	2025-11-10	\N	t	8	5
7	2025-11-10 19:02:15.91861+00	2025-11-10 19:02:15.918647+00	2025-11-10	\N	t	11	6
8	2025-11-10 19:02:15.927216+00	2025-11-10 19:02:15.927236+00	2025-11-10	\N	t	12	6
9	2025-11-10 19:02:15.951464+00	2025-11-10 19:02:15.95148+00	2025-11-10	\N	t	13	7
10	2025-11-10 19:02:15.960621+00	2025-11-10 19:02:15.96066+00	2025-11-10	\N	t	14	7
11	2025-11-10 19:02:15.987954+00	2025-11-10 19:02:15.987974+00	2025-11-10	\N	t	15	8
12	2025-11-10 19:02:16.011111+00	2025-11-10 19:02:16.011128+00	2025-11-10	\N	t	16	9
13	2025-11-10 19:02:16.0195+00	2025-11-10 19:02:16.019519+00	2025-11-10	\N	t	17	9
14	2025-11-10 19:02:16.053055+00	2025-11-10 19:02:16.053074+00	2025-11-10	\N	t	19	10
15	2025-11-10 19:02:16.089148+00	2025-11-10 19:02:16.089166+00	2025-11-10	\N	t	21	11
16	2025-11-10 19:02:16.125052+00	2025-11-10 19:02:16.12507+00	2025-11-10	\N	t	23	12
17	2025-11-10 19:02:16.133637+00	2025-11-10 19:02:16.133661+00	2025-11-10	\N	t	24	12
18	2025-11-10 19:02:16.171608+00	2025-11-10 19:02:16.171643+00	2025-11-10	\N	t	27	13
19	2025-11-10 19:02:16.194105+00	2025-11-10 19:02:16.194118+00	2025-11-10	\N	t	28	14
20	2025-11-10 19:02:16.198828+00	2025-11-10 19:02:16.198839+00	2025-11-10	\N	t	29	14
21	2025-11-10 19:02:16.211784+00	2025-11-10 19:02:16.21179+00	2025-11-10	\N	t	31	15
22	2025-11-10 19:02:16.223189+00	2025-11-10 19:02:16.223194+00	2025-11-10	\N	t	34	16
23	2025-11-10 19:02:16.232801+00	2025-11-10 19:02:16.232807+00	2025-11-10	\N	t	36	17
24	2025-11-10 19:02:16.235263+00	2025-11-10 19:02:16.235269+00	2025-11-10	\N	t	37	17
25	2025-11-10 19:02:16.247813+00	2025-11-10 19:02:16.247819+00	2025-11-10	\N	t	41	18
26	2025-11-10 19:02:16.262888+00	2025-11-10 19:02:16.262896+00	2025-11-10	\N	t	44	19
27	2025-11-10 19:02:16.265251+00	2025-11-10 19:02:16.265257+00	2025-11-10	\N	t	45	19
28	2025-11-10 19:02:16.272005+00	2025-11-10 19:02:16.27201+00	2025-11-10	\N	t	46	20
29	2025-11-10 19:02:16.278845+00	2025-11-10 19:02:16.27885+00	2025-11-10	\N	t	47	21
30	2025-11-10 19:02:16.28618+00	2025-11-10 19:02:16.286186+00	2025-11-10	\N	t	48	22
31	2025-11-10 19:02:16.293683+00	2025-11-10 19:02:16.293689+00	2025-11-10	\N	t	49	23
32	2025-11-10 19:02:16.295842+00	2025-11-10 19:02:16.295847+00	2025-11-10	\N	t	50	23
33	2025-11-10 19:02:16.302779+00	2025-11-10 19:02:16.302784+00	2025-11-10	\N	t	51	24
34	2025-11-10 19:02:16.311517+00	2025-11-10 19:02:16.311524+00	2025-11-10	\N	t	54	25
35	2025-11-10 19:02:16.322015+00	2025-11-10 19:02:16.322027+00	2025-11-10	\N	t	55	26
36	2025-11-10 19:02:16.339371+00	2025-11-10 19:02:16.339385+00	2025-11-10	\N	t	56	27
37	2025-11-10 19:02:16.345318+00	2025-11-10 19:02:16.345336+00	2025-11-10	\N	t	57	27
38	2025-11-10 19:02:16.376911+00	2025-11-10 19:02:16.376933+00	2025-11-10	\N	t	59	28
39	2025-11-10 19:02:16.417136+00	2025-11-10 19:02:16.417156+00	2025-11-10	\N	t	62	29
40	2025-11-10 19:02:16.424662+00	2025-11-10 19:02:16.424681+00	2025-11-10	\N	t	63	29
41	2025-11-10 19:02:16.452253+00	2025-11-10 19:02:16.452275+00	2025-11-10	\N	t	64	30
42	2025-11-10 19:02:16.461465+00	2025-11-10 19:02:16.461485+00	2025-11-10	\N	t	65	30
43	2025-11-10 19:02:16.504132+00	2025-11-10 19:02:16.504153+00	2025-11-10	\N	t	68	31
44	2025-11-10 19:02:16.513106+00	2025-11-10 19:02:16.513122+00	2025-11-10	\N	t	69	31
45	2025-11-10 19:02:16.538941+00	2025-11-10 19:02:16.538949+00	2025-11-10	\N	t	74	32
46	2025-11-10 19:02:16.542211+00	2025-11-10 19:02:16.54222+00	2025-11-10	\N	t	75	32
47	2025-11-10 19:02:16.570506+00	2025-11-10 19:02:16.570524+00	2025-11-10	\N	t	80	33
48	2025-11-10 19:02:16.578803+00	2025-11-10 19:02:16.578821+00	2025-11-10	\N	t	81	33
49	2025-11-10 19:02:16.59856+00	2025-11-10 19:02:16.598578+00	2025-11-10	\N	t	82	34
50	2025-11-10 19:02:16.635944+00	2025-11-10 19:02:16.635963+00	2025-11-10	\N	t	84	35
51	2025-11-10 19:02:16.692724+00	2025-11-10 19:02:16.692742+00	2025-11-10	\N	t	90	36
52	2025-11-10 19:02:16.711364+00	2025-11-10 19:02:16.71138+00	2025-11-10	\N	t	91	37
53	2025-11-10 19:02:16.718527+00	2025-11-10 19:02:16.718547+00	2025-11-10	\N	t	92	37
54	2025-11-10 19:02:16.762681+00	2025-11-10 19:02:16.762697+00	2025-11-10	\N	t	98	38
55	2025-11-10 19:02:16.814057+00	2025-11-10 19:02:16.814076+00	2025-11-10	\N	t	103	39
56	2025-11-10 19:02:16.822967+00	2025-11-10 19:02:16.822982+00	2025-11-10	\N	t	104	39
57	2025-11-10 19:02:16.842213+00	2025-11-10 19:02:16.842234+00	2025-11-10	\N	t	105	40
58	2025-11-10 19:02:16.869399+00	2025-11-10 19:02:16.869415+00	2025-11-10	\N	t	107	41
59	2025-11-10 19:02:16.896889+00	2025-11-10 19:02:16.896907+00	2025-11-10	\N	t	109	42
60	2025-11-10 19:02:16.919564+00	2025-11-10 19:02:16.919583+00	2025-11-10	\N	t	110	43
61	2025-11-10 19:02:16.941834+00	2025-11-10 19:02:16.941854+00	2025-11-10	\N	t	111	44
62	2025-11-10 19:02:16.964859+00	2025-11-10 19:02:16.964876+00	2025-11-10	\N	t	112	45
63	2025-11-10 19:02:16.97336+00	2025-11-10 19:02:16.973376+00	2025-11-10	\N	t	113	45
64	2025-11-10 19:02:16.994496+00	2025-11-10 19:02:16.994513+00	2025-11-10	\N	t	114	46
65	2025-11-10 19:02:17.003488+00	2025-11-10 19:02:17.003506+00	2025-11-10	\N	t	115	46
66	2025-11-10 19:02:17.023867+00	2025-11-10 19:02:17.023885+00	2025-11-10	\N	t	116	47
67	2025-11-10 19:02:17.031589+00	2025-11-10 19:02:17.031606+00	2025-11-10	\N	t	117	47
68	2025-11-10 19:02:17.055231+00	2025-11-10 19:02:17.055249+00	2025-11-10	\N	t	119	48
69	2025-11-10 19:02:17.084921+00	2025-11-10 19:02:17.08494+00	2025-11-10	\N	t	121	49
70	2025-11-10 19:02:17.094506+00	2025-11-10 19:02:17.094524+00	2025-11-10	\N	t	122	49
71	2025-11-10 19:02:17.114723+00	2025-11-10 19:02:17.114743+00	2025-11-10	\N	t	123	50
72	2025-11-10 19:02:17.122742+00	2025-11-10 19:02:17.122758+00	2025-11-10	\N	t	124	50
73	2025-11-10 19:02:17.142793+00	2025-11-10 19:02:17.142818+00	2025-11-10	\N	t	125	51
74	2025-11-10 19:02:17.167661+00	2025-11-10 19:02:17.167676+00	2025-11-10	\N	t	127	52
75	2025-11-10 19:02:17.175005+00	2025-11-10 19:02:17.175023+00	2025-11-10	\N	t	128	52
76	2025-11-10 19:02:17.195042+00	2025-11-10 19:02:17.195057+00	2025-11-10	\N	t	129	53
77	2025-11-10 19:02:17.23842+00	2025-11-10 19:02:17.238436+00	2025-11-10	\N	t	132	55
78	2025-11-10 19:02:17.256584+00	2025-11-10 19:02:17.256599+00	2025-11-10	\N	t	2	56
79	2025-11-10 19:02:17.262912+00	2025-11-10 19:02:17.262928+00	2025-11-10	\N	t	3	56
80	2025-11-10 19:02:17.285133+00	2025-11-10 19:02:17.285147+00	2025-11-10	\N	t	133	57
81	2025-11-10 19:02:17.291526+00	2025-11-10 19:02:17.29154+00	2025-11-10	\N	t	134	57
82	2025-11-10 19:02:17.31059+00	2025-11-10 19:02:17.310606+00	2025-11-10	\N	t	135	58
83	2025-11-10 19:02:17.346351+00	2025-11-10 19:02:17.34637+00	2025-11-10	\N	t	136	59
84	2025-11-10 19:02:17.355501+00	2025-11-10 19:02:17.355519+00	2025-11-10	\N	t	137	59
85	2025-11-10 19:02:17.365039+00	2025-11-10 19:02:17.36506+00	2025-11-10	\N	t	138	59
86	2025-11-10 19:02:17.391798+00	2025-11-10 19:02:17.391819+00	2025-11-10	\N	t	139	60
87	2025-11-10 19:02:17.400237+00	2025-11-10 19:02:17.400257+00	2025-11-10	\N	t	140	60
88	2025-11-10 19:02:17.420801+00	2025-11-10 19:02:17.420821+00	2025-11-10	\N	t	141	61
89	2025-11-10 19:02:17.442425+00	2025-11-10 19:02:17.44244+00	2025-11-10	\N	t	142	62
90	2025-11-10 19:02:17.448494+00	2025-11-10 19:02:17.448509+00	2025-11-10	\N	t	143	62
91	2025-11-10 19:02:17.481582+00	2025-11-10 19:02:17.481605+00	2025-11-10	\N	t	146	63
92	2025-11-10 19:02:17.490144+00	2025-11-10 19:02:17.490161+00	2025-11-10	\N	t	147	63
93	2025-11-10 19:02:17.526642+00	2025-11-10 19:02:17.526658+00	2025-11-10	\N	t	148	65
94	2025-11-10 19:02:17.533203+00	2025-11-10 19:02:17.533219+00	2025-11-10	\N	t	149	65
95	2025-11-10 19:02:17.553567+00	2025-11-10 19:02:17.553583+00	2025-11-10	\N	t	150	66
96	2025-11-10 19:02:17.571848+00	2025-11-10 19:02:17.571868+00	2025-11-10	\N	t	151	67
97	2025-11-10 19:02:17.579527+00	2025-11-10 19:02:17.579545+00	2025-11-10	\N	t	152	67
98	2025-11-10 19:02:17.59816+00	2025-11-10 19:02:17.598175+00	2025-11-10	\N	t	153	68
99	2025-11-10 19:02:17.617065+00	2025-11-10 19:02:17.61708+00	2025-11-10	\N	t	154	69
100	2025-11-10 19:02:17.649338+00	2025-11-10 19:02:17.649351+00	2025-11-10	\N	t	155	70
101	2025-11-10 19:02:17.655526+00	2025-11-10 19:02:17.65554+00	2025-11-10	\N	t	156	70
102	2025-11-10 19:02:17.66187+00	2025-11-10 19:02:17.661887+00	2025-11-10	\N	t	157	70
103	2025-11-10 19:02:17.669875+00	2025-11-10 19:02:17.669894+00	2025-11-10	\N	t	158	70
104	2025-11-10 19:02:17.677046+00	2025-11-10 19:02:17.677062+00	2025-11-10	\N	t	159	70
105	2025-11-10 19:02:17.684122+00	2025-11-10 19:02:17.684136+00	2025-11-10	\N	t	160	70
106	2025-11-10 19:02:17.691173+00	2025-11-10 19:02:17.69119+00	2025-11-10	\N	t	161	70
107	2025-11-10 19:02:17.698544+00	2025-11-10 19:02:17.698563+00	2025-11-10	\N	t	47	70
108	2025-11-10 19:02:17.706917+00	2025-11-10 19:02:17.706935+00	2025-11-10	\N	t	162	70
109	2025-11-10 19:02:17.72735+00	2025-11-10 19:02:17.727366+00	2025-11-10	\N	t	163	71
110	2025-11-10 19:02:17.748452+00	2025-11-10 19:02:17.748468+00	2025-11-10	\N	t	164	72
111	2025-11-10 19:02:17.776937+00	2025-11-10 19:02:17.776952+00	2025-11-10	\N	t	167	73
112	2025-11-10 19:02:17.799338+00	2025-11-10 19:02:17.799353+00	2025-11-10	\N	t	168	74
113	2025-11-10 19:02:17.806603+00	2025-11-10 19:02:17.806619+00	2025-11-10	\N	t	169	74
114	2025-11-10 19:02:17.825652+00	2025-11-10 19:02:17.825668+00	2025-11-10	\N	t	170	75
115	2025-11-10 19:02:17.845174+00	2025-11-10 19:02:17.845189+00	2025-11-10	\N	t	171	76
116	2025-11-10 19:02:17.852771+00	2025-11-10 19:02:17.852788+00	2025-11-10	\N	t	172	76
117	2025-11-10 19:02:17.859967+00	2025-11-10 19:02:17.859982+00	2025-11-10	\N	t	173	76
118	2025-11-10 19:02:17.878514+00	2025-11-10 19:02:17.878531+00	2025-11-10	\N	t	174	77
119	2025-11-10 19:02:17.886568+00	2025-11-10 19:02:17.886586+00	2025-11-10	\N	t	175	77
120	2025-11-10 19:02:17.894041+00	2025-11-10 19:02:17.894058+00	2025-11-10	\N	t	163	77
121	2025-11-10 19:02:17.913087+00	2025-11-10 19:02:17.913105+00	2025-11-10	\N	t	176	78
122	2025-11-10 19:02:17.937049+00	2025-11-10 19:02:17.937067+00	2025-11-10	\N	t	177	79
123	2025-11-10 19:02:17.945361+00	2025-11-10 19:02:17.945379+00	2025-11-10	\N	t	178	79
124	2025-11-10 19:02:17.966727+00	2025-11-10 19:02:17.966743+00	2025-11-10	\N	t	179	80
125	2025-11-10 19:02:17.975113+00	2025-11-10 19:02:17.975135+00	2025-11-10	\N	t	180	80
126	2025-11-10 19:02:17.996751+00	2025-11-10 19:02:17.996764+00	2025-11-10	\N	t	181	81
127	2025-11-10 19:02:18.017432+00	2025-11-10 19:02:18.017448+00	2025-11-10	\N	t	182	82
128	2025-11-10 19:02:18.039918+00	2025-11-10 19:02:18.039936+00	2025-11-10	\N	t	183	83
129	2025-11-10 19:02:18.061394+00	2025-11-10 19:02:18.061412+00	2025-11-10	\N	t	184	84
130	2025-11-10 19:02:18.072236+00	2025-11-10 19:02:18.072255+00	2025-11-10	\N	t	22	84
131	2025-11-10 19:02:18.092439+00	2025-11-10 19:02:18.092456+00	2025-11-10	\N	t	185	85
132	2025-11-10 19:02:18.115186+00	2025-11-10 19:02:18.115201+00	2025-11-10	\N	t	186	86
133	2025-11-10 19:02:18.146243+00	2025-11-10 19:02:18.146259+00	2025-11-10	\N	t	189	87
134	2025-11-10 19:02:18.171316+00	2025-11-10 19:02:18.171334+00	2025-11-10	\N	t	191	88
135	2025-11-10 19:02:18.192998+00	2025-11-10 19:02:18.193016+00	2025-11-10	\N	t	192	89
136	2025-11-10 19:02:18.214032+00	2025-11-10 19:02:18.214047+00	2025-11-10	\N	t	193	90
137	2025-11-10 19:02:18.222096+00	2025-11-10 19:02:18.222111+00	2025-11-10	\N	t	194	90
138	2025-11-10 19:02:18.245257+00	2025-11-10 19:02:18.245273+00	2025-11-10	\N	t	195	91
139	2025-11-10 19:02:18.253029+00	2025-11-10 19:02:18.253051+00	2025-11-10	\N	t	196	91
140	2025-11-10 19:02:18.273835+00	2025-11-10 19:02:18.27385+00	2025-11-10	\N	t	197	92
141	2025-11-10 19:02:18.281807+00	2025-11-10 19:02:18.281824+00	2025-11-10	\N	t	166	92
142	2025-11-10 19:02:18.305259+00	2025-11-10 19:02:18.305276+00	2025-11-10	\N	t	198	93
143	2025-11-10 19:02:18.312295+00	2025-11-10 19:02:18.312312+00	2025-11-10	\N	t	199	93
144	2025-11-10 19:02:18.364101+00	2025-11-10 19:02:18.364114+00	2025-11-10	\N	t	204	94
145	2025-11-10 19:02:18.385936+00	2025-11-10 19:02:18.385953+00	2025-11-10	\N	t	205	95
146	2025-11-10 19:02:18.417076+00	2025-11-10 19:02:18.417092+00	2025-11-10	\N	t	207	96
147	2025-11-10 19:02:18.438237+00	2025-11-10 19:02:18.438255+00	2025-11-10	\N	t	208	97
148	2025-11-10 19:02:18.461492+00	2025-11-10 19:02:18.46151+00	2025-11-10	\N	t	209	98
149	2025-11-10 19:02:18.47054+00	2025-11-10 19:02:18.47056+00	2025-11-10	\N	t	210	98
150	2025-11-10 19:02:18.496797+00	2025-11-10 19:02:18.496828+00	2025-11-10	\N	t	211	99
151	2025-11-10 19:02:18.519083+00	2025-11-10 19:02:18.519099+00	2025-11-10	\N	t	212	100
152	2025-11-10 19:02:18.546478+00	2025-11-10 19:02:18.546493+00	2025-11-10	\N	t	213	101
153	2025-11-10 19:02:18.553595+00	2025-11-10 19:02:18.553612+00	2025-11-10	\N	t	214	101
154	2025-11-10 19:02:18.574448+00	2025-11-10 19:02:18.574464+00	2025-11-10	\N	t	12	102
155	2025-11-10 19:02:18.581501+00	2025-11-10 19:02:18.581517+00	2025-11-10	\N	t	11	102
156	2025-11-10 19:02:18.60454+00	2025-11-10 19:02:18.604556+00	2025-11-10	\N	t	215	103
157	2025-11-10 19:02:18.611028+00	2025-11-10 19:02:18.611042+00	2025-11-10	\N	t	216	103
158	2025-11-10 19:02:18.637624+00	2025-11-10 19:02:18.637653+00	2025-11-10	\N	t	218	104
159	2025-11-10 19:02:18.646612+00	2025-11-10 19:02:18.646643+00	2025-11-10	\N	t	219	104
160	2025-11-10 19:02:18.665239+00	2025-11-10 19:02:18.665255+00	2025-11-10	\N	t	220	105
161	2025-11-10 19:02:18.684058+00	2025-11-10 19:02:18.684075+00	2025-11-10	\N	t	221	106
162	2025-11-10 19:02:18.692586+00	2025-11-10 19:02:18.692601+00	2025-11-10	\N	t	222	106
163	2025-11-10 19:02:18.725107+00	2025-11-10 19:02:18.725123+00	2025-11-10	\N	t	225	107
164	2025-11-10 19:02:18.732263+00	2025-11-10 19:02:18.732276+00	2025-11-10	\N	t	226	107
165	2025-11-10 19:02:18.754779+00	2025-11-10 19:02:18.754796+00	2025-11-10	\N	t	227	108
166	2025-11-10 19:02:18.763015+00	2025-11-10 19:02:18.76303+00	2025-11-10	\N	t	228	108
167	2025-11-10 19:02:18.785144+00	2025-11-10 19:02:18.785161+00	2025-11-10	\N	t	229	109
168	2025-11-10 19:02:18.79443+00	2025-11-10 19:02:18.794446+00	2025-11-10	\N	t	230	109
169	2025-11-10 19:02:18.8244+00	2025-11-10 19:02:18.824414+00	2025-11-10	\N	t	232	110
170	2025-11-10 19:02:18.830931+00	2025-11-10 19:02:18.83095+00	2025-11-10	\N	t	233	110
171	2025-11-10 19:02:18.838652+00	2025-11-10 19:02:18.838668+00	2025-11-10	\N	t	234	110
172	2025-11-10 19:02:18.84683+00	2025-11-10 19:02:18.846845+00	2025-11-10	\N	t	166	110
173	2025-11-10 19:02:18.854042+00	2025-11-10 19:02:18.854057+00	2025-11-10	\N	t	165	110
174	2025-11-10 19:02:18.861085+00	2025-11-10 19:02:18.861102+00	2025-11-10	\N	t	235	110
175	2025-11-10 19:02:18.881298+00	2025-11-10 19:02:18.881314+00	2025-11-10	\N	t	236	111
176	2025-11-10 19:02:18.9026+00	2025-11-10 19:02:18.902619+00	2025-11-10	\N	t	213	112
177	2025-11-10 19:02:18.928203+00	2025-11-10 19:02:18.928228+00	2025-11-10	\N	t	237	113
178	2025-11-10 19:02:18.937475+00	2025-11-10 19:02:18.937493+00	2025-11-10	\N	t	238	113
179	2025-11-10 19:02:18.958138+00	2025-11-10 19:02:18.958157+00	2025-11-10	\N	t	57	114
180	2025-11-10 19:02:18.967396+00	2025-11-10 19:02:18.967413+00	2025-11-10	\N	t	239	114
181	2025-11-10 19:02:18.998009+00	2025-11-10 19:02:18.998026+00	2025-11-10	\N	t	242	115
182	2025-11-10 19:02:19.004914+00	2025-11-10 19:02:19.00493+00	2025-11-10	\N	t	243	115
183	2025-11-10 19:02:19.037444+00	2025-11-10 19:02:19.03746+00	2025-11-10	\N	t	245	116
184	2025-11-10 19:02:19.044471+00	2025-11-10 19:02:19.044488+00	2025-11-10	\N	t	246	116
185	2025-11-10 19:02:19.066968+00	2025-11-10 19:02:19.066985+00	2025-11-10	\N	t	247	117
186	2025-11-10 19:02:19.090431+00	2025-11-10 19:02:19.090449+00	2025-11-10	\N	t	248	118
187	2025-11-10 19:02:19.110955+00	2025-11-10 19:02:19.110971+00	2025-11-10	\N	t	249	119
188	2025-11-10 19:02:19.118455+00	2025-11-10 19:02:19.118471+00	2025-11-10	\N	t	250	119
189	2025-11-10 19:02:19.142959+00	2025-11-10 19:02:19.14298+00	2025-11-10	\N	t	251	120
190	2025-11-10 19:02:19.163174+00	2025-11-10 19:02:19.163191+00	2025-11-10	\N	t	252	121
191	2025-11-10 19:02:19.172065+00	2025-11-10 19:02:19.172082+00	2025-11-10	\N	t	175	121
192	2025-11-10 19:02:19.195822+00	2025-11-10 19:02:19.195836+00	2025-11-10	\N	t	253	122
193	2025-11-10 19:02:19.204224+00	2025-11-10 19:02:19.204245+00	2025-11-10	\N	t	254	122
194	2025-11-10 19:02:19.213444+00	2025-11-10 19:02:19.213462+00	2025-11-10	\N	t	255	122
195	2025-11-10 19:02:19.245376+00	2025-11-10 19:02:19.245393+00	2025-11-10	\N	t	257	123
196	2025-11-10 19:02:19.271097+00	2025-11-10 19:02:19.271114+00	2025-11-10	\N	t	259	124
197	2025-11-10 19:02:19.317541+00	2025-11-10 19:02:19.317555+00	2025-11-10	\N	t	265	125
198	2025-11-10 19:02:19.339138+00	2025-11-10 19:02:19.339155+00	2025-11-10	\N	t	127	126
199	2025-11-10 19:02:19.345951+00	2025-11-10 19:02:19.345966+00	2025-11-10	\N	t	12	126
200	2025-11-10 19:02:19.383473+00	2025-11-10 19:02:19.383493+00	2025-11-10	\N	t	268	127
201	2025-11-10 19:02:19.391979+00	2025-11-10 19:02:19.391997+00	2025-11-10	\N	t	269	127
202	2025-11-10 19:02:19.411942+00	2025-11-10 19:02:19.411962+00	2025-11-10	\N	t	270	128
203	2025-11-10 19:02:19.437169+00	2025-11-10 19:02:19.437185+00	2025-11-10	\N	t	272	129
204	2025-11-10 19:02:19.460328+00	2025-11-10 19:02:19.460343+00	2025-11-10	\N	t	273	130
205	2025-11-10 19:02:19.466911+00	2025-11-10 19:02:19.466926+00	2025-11-10	\N	t	274	130
206	2025-11-10 19:02:19.490224+00	2025-11-10 19:02:19.49024+00	2025-11-10	\N	t	17	131
207	2025-11-10 19:02:19.497035+00	2025-11-10 19:02:19.49705+00	2025-11-10	\N	t	275	131
208	2025-11-10 19:02:19.515893+00	2025-11-10 19:02:19.515911+00	2025-11-10	\N	t	276	132
209	2025-11-10 19:02:19.534541+00	2025-11-10 19:02:19.534557+00	2025-11-10	\N	t	277	133
210	2025-11-10 19:02:19.576135+00	2025-11-10 19:02:19.576155+00	2025-11-10	\N	t	279	134
211	2025-11-10 19:02:19.60319+00	2025-11-10 19:02:19.603211+00	2025-11-10	\N	t	280	135
212	2025-11-10 19:02:19.613226+00	2025-11-10 19:02:19.613245+00	2025-11-10	\N	t	281	135
213	2025-11-10 19:02:19.637068+00	2025-11-10 19:02:19.637088+00	2025-11-10	\N	t	282	136
214	2025-11-10 19:02:19.656279+00	2025-11-10 19:02:19.656294+00	2025-11-10	\N	t	266	137
215	2025-11-10 19:02:19.677862+00	2025-11-10 19:02:19.677879+00	2025-11-10	\N	t	283	138
216	2025-11-10 19:02:19.699273+00	2025-11-10 19:02:19.699287+00	2025-11-10	\N	t	284	139
217	2025-11-10 19:02:19.705047+00	2025-11-10 19:02:19.705059+00	2025-11-10	\N	t	285	139
218	2025-11-10 19:02:19.719501+00	2025-11-10 19:02:19.719509+00	2025-11-10	\N	t	286	140
219	2025-11-10 19:02:19.723014+00	2025-11-10 19:02:19.723021+00	2025-11-10	\N	t	287	140
220	2025-11-10 19:02:19.726054+00	2025-11-10 19:02:19.726061+00	2025-11-10	\N	t	277	140
221	2025-11-10 19:02:19.728808+00	2025-11-10 19:02:19.728814+00	2025-11-10	\N	t	288	140
222	2025-11-10 19:02:19.735929+00	2025-11-10 19:02:19.735935+00	2025-11-10	\N	t	289	141
223	2025-11-10 19:02:19.742775+00	2025-11-10 19:02:19.74278+00	2025-11-10	\N	t	290	142
224	2025-11-10 19:02:19.745208+00	2025-11-10 19:02:19.745213+00	2025-11-10	\N	t	44	142
225	2025-11-10 19:02:19.752268+00	2025-11-10 19:02:19.752273+00	2025-11-10	\N	t	291	143
226	2025-11-10 19:02:19.761194+00	2025-11-10 19:02:19.761199+00	2025-11-10	\N	t	293	144
227	2025-11-10 19:02:19.780145+00	2025-11-10 19:02:19.780151+00	2025-11-10	\N	t	301	145
228	2025-11-10 19:02:19.793502+00	2025-11-10 19:02:19.793507+00	2025-11-10	\N	t	304	146
229	2025-11-10 19:02:19.795982+00	2025-11-10 19:02:19.795988+00	2025-11-10	\N	t	305	146
230	2025-11-10 19:02:19.79843+00	2025-11-10 19:02:19.798436+00	2025-11-10	\N	t	306	146
231	2025-11-10 19:02:19.800879+00	2025-11-10 19:02:19.800884+00	2025-11-10	\N	t	307	146
232	2025-11-10 19:02:19.803327+00	2025-11-10 19:02:19.803333+00	2025-11-10	\N	t	308	146
233	2025-11-10 19:02:19.810929+00	2025-11-10 19:02:19.810934+00	2025-11-10	\N	t	309	147
234	2025-11-10 19:02:19.813463+00	2025-11-10 19:02:19.813469+00	2025-11-10	\N	t	310	147
235	2025-11-10 19:02:19.821387+00	2025-11-10 19:02:19.821392+00	2025-11-10	\N	t	311	148
236	2025-11-10 19:02:19.823867+00	2025-11-10 19:02:19.823873+00	2025-11-10	\N	t	312	148
237	2025-11-10 19:02:19.831302+00	2025-11-10 19:02:19.831308+00	2025-11-10	\N	t	313	149
238	2025-11-10 19:02:19.833805+00	2025-11-10 19:02:19.833811+00	2025-11-10	\N	t	314	149
239	2025-11-10 19:02:19.840716+00	2025-11-10 19:02:19.840724+00	2025-11-10	\N	t	315	150
240	2025-11-10 19:02:19.850475+00	2025-11-10 19:02:19.850481+00	2025-11-10	\N	t	318	151
241	2025-11-10 19:02:19.85671+00	2025-11-10 19:02:19.856716+00	2025-11-10	\N	t	297	152
242	2025-11-10 19:02:19.865603+00	2025-11-10 19:02:19.865609+00	2025-11-10	\N	t	320	153
243	2025-11-10 19:02:19.872498+00	2025-11-10 19:02:19.872504+00	2025-11-10	\N	t	321	154
244	2025-11-10 19:02:19.880506+00	2025-11-10 19:02:19.880512+00	2025-11-10	\N	t	322	155
245	2025-11-10 19:02:19.882731+00	2025-11-10 19:02:19.882737+00	2025-11-10	\N	t	323	155
246	2025-11-10 19:02:19.889864+00	2025-11-10 19:02:19.889872+00	2025-11-10	\N	t	324	156
247	2025-11-10 19:02:19.893482+00	2025-11-10 19:02:19.893492+00	2025-11-10	\N	t	325	156
248	2025-11-10 19:02:19.915678+00	2025-11-10 19:02:19.915697+00	2025-11-10	\N	t	326	157
249	2025-11-10 19:02:19.939445+00	2025-11-10 19:02:19.939464+00	2025-11-10	\N	t	327	158
250	2025-11-10 19:02:19.962977+00	2025-11-10 19:02:19.962991+00	2025-11-10	\N	t	328	159
251	2025-11-10 19:02:19.969364+00	2025-11-10 19:02:19.969378+00	2025-11-10	\N	t	329	159
252	2025-11-10 19:02:19.982857+00	2025-11-10 19:02:19.982868+00	2025-11-10	\N	t	137	160
253	2025-11-10 19:02:19.996718+00	2025-11-10 19:02:19.996734+00	2025-11-10	\N	t	330	161
254	2025-11-10 19:02:20.020172+00	2025-11-10 19:02:20.020189+00	2025-11-10	\N	t	331	162
255	2025-11-10 19:02:20.042138+00	2025-11-10 19:02:20.042154+00	2025-11-10	\N	t	332	163
256	2025-11-10 19:02:20.061405+00	2025-11-10 19:02:20.061416+00	2025-11-10	\N	t	333	164
257	2025-11-10 19:02:20.073607+00	2025-11-10 19:02:20.073616+00	2025-11-10	\N	t	334	165
258	2025-11-10 19:02:20.082868+00	2025-11-10 19:02:20.082874+00	2025-11-10	\N	t	335	166
259	2025-11-10 19:02:20.091264+00	2025-11-10 19:02:20.09127+00	2025-11-10	\N	t	336	167
260	2025-11-10 19:02:20.093716+00	2025-11-10 19:02:20.093721+00	2025-11-10	\N	t	337	167
261	2025-11-10 19:02:20.103329+00	2025-11-10 19:02:20.103335+00	2025-11-10	\N	t	340	168
262	2025-11-10 19:02:20.112008+00	2025-11-10 19:02:20.112014+00	2025-11-10	\N	t	341	169
263	2025-11-10 19:02:20.114502+00	2025-11-10 19:02:20.114508+00	2025-11-10	\N	t	342	169
264	2025-11-10 19:02:20.122408+00	2025-11-10 19:02:20.122413+00	2025-11-10	\N	t	343	170
265	2025-11-10 19:02:20.124945+00	2025-11-10 19:02:20.124971+00	2025-11-10	\N	t	344	170
266	2025-11-10 19:02:20.132465+00	2025-11-10 19:02:20.13247+00	2025-11-10	\N	t	345	171
267	2025-11-10 19:02:20.134895+00	2025-11-10 19:02:20.1349+00	2025-11-10	\N	t	346	171
268	2025-11-10 19:02:20.141207+00	2025-11-10 19:02:20.141212+00	2025-11-10	\N	t	290	172
269	2025-11-10 19:02:20.148735+00	2025-11-10 19:02:20.148741+00	2025-11-10	\N	t	347	173
270	2025-11-10 19:02:20.151212+00	2025-11-10 19:02:20.151218+00	2025-11-10	\N	t	348	173
271	2025-11-10 19:02:20.158294+00	2025-11-10 19:02:20.1583+00	2025-11-10	\N	t	349	174
272	2025-11-10 19:02:20.165168+00	2025-11-10 19:02:20.165174+00	2025-11-10	\N	t	50	175
273	2025-11-10 19:02:20.16762+00	2025-11-10 19:02:20.167625+00	2025-11-10	\N	t	350	175
274	2025-11-10 19:02:20.173864+00	2025-11-10 19:02:20.17387+00	2025-11-10	\N	t	349	176
275	2025-11-10 19:02:20.180857+00	2025-11-10 19:02:20.180863+00	2025-11-10	\N	t	351	177
276	2025-11-10 19:02:20.187805+00	2025-11-10 19:02:20.18781+00	2025-11-10	\N	t	352	178
277	2025-11-10 19:02:20.194668+00	2025-11-10 19:02:20.194673+00	2025-11-10	\N	t	353	179
278	2025-11-10 19:02:20.202198+00	2025-11-10 19:02:20.202203+00	2025-11-10	\N	t	354	180
279	2025-11-10 19:02:20.204622+00	2025-11-10 19:02:20.204633+00	2025-11-10	\N	t	355	180
280	2025-11-10 19:02:20.212372+00	2025-11-10 19:02:20.212378+00	2025-11-10	\N	t	356	181
281	2025-11-10 19:02:20.214896+00	2025-11-10 19:02:20.214902+00	2025-11-10	\N	t	357	181
282	2025-11-10 19:02:20.225704+00	2025-11-10 19:02:20.22571+00	2025-11-10	\N	t	359	182
283	2025-11-10 19:02:20.228138+00	2025-11-10 19:02:20.228143+00	2025-11-10	\N	t	360	182
284	2025-11-10 19:02:20.235573+00	2025-11-10 19:02:20.235578+00	2025-11-10	\N	t	361	183
285	2025-11-10 19:02:20.238113+00	2025-11-10 19:02:20.238119+00	2025-11-10	\N	t	362	183
286	2025-11-10 19:02:20.244666+00	2025-11-10 19:02:20.244672+00	2025-11-10	\N	t	327	184
287	2025-11-10 19:02:20.251557+00	2025-11-10 19:02:20.251562+00	2025-11-10	\N	t	363	185
288	2025-11-10 19:02:20.259166+00	2025-11-10 19:02:20.259171+00	2025-11-10	\N	t	364	186
289	2025-11-10 19:02:20.266814+00	2025-11-10 19:02:20.266819+00	2025-11-10	\N	t	365	187
290	2025-11-10 19:02:20.279565+00	2025-11-10 19:02:20.279571+00	2025-11-10	\N	t	368	188
291	2025-11-10 19:02:20.282048+00	2025-11-10 19:02:20.282053+00	2025-11-10	\N	t	8	188
292	2025-11-10 19:02:20.29658+00	2025-11-10 19:02:20.296587+00	2025-11-10	\N	t	372	189
293	2025-11-10 19:02:20.299582+00	2025-11-10 19:02:20.299592+00	2025-11-10	\N	t	373	189
294	2025-11-10 19:02:20.308709+00	2025-11-10 19:02:20.308722+00	2025-11-10	\N	t	374	190
295	2025-11-10 19:02:20.333695+00	2025-11-10 19:02:20.333715+00	2025-11-10	\N	t	377	191
296	2025-11-10 19:02:20.378148+00	2025-11-10 19:02:20.378167+00	2025-11-10	\N	t	380	192
297	2025-11-10 19:02:20.38815+00	2025-11-10 19:02:20.388169+00	2025-11-10	\N	t	381	192
298	2025-11-10 19:02:20.423907+00	2025-11-10 19:02:20.423925+00	2025-11-10	\N	t	383	193
299	2025-11-10 19:02:20.444075+00	2025-11-10 19:02:20.44409+00	2025-11-10	\N	t	384	194
300	2025-11-10 19:02:20.471351+00	2025-11-10 19:02:20.471367+00	2025-11-10	\N	t	386	195
301	2025-11-10 19:02:20.478049+00	2025-11-10 19:02:20.478064+00	2025-11-10	\N	t	53	195
302	2025-11-10 19:02:20.511916+00	2025-11-10 19:02:20.511929+00	2025-11-10	\N	t	124	196
303	2025-11-10 19:02:20.534412+00	2025-11-10 19:02:20.534427+00	2025-11-10	\N	t	389	197
304	2025-11-10 19:02:20.542673+00	2025-11-10 19:02:20.542689+00	2025-11-10	\N	t	40	197
305	2025-11-10 19:02:20.566171+00	2025-11-10 19:02:20.566185+00	2025-11-10	\N	t	390	198
306	2025-11-10 19:02:20.573279+00	2025-11-10 19:02:20.573293+00	2025-11-10	\N	t	391	198
307	2025-11-10 19:02:20.603001+00	2025-11-10 19:02:20.603016+00	2025-11-10	\N	t	393	199
308	2025-11-10 19:02:20.610262+00	2025-11-10 19:02:20.610276+00	2025-11-10	\N	t	226	199
309	2025-11-10 19:02:20.638893+00	2025-11-10 19:02:20.638914+00	2025-11-10	\N	t	394	200
310	2025-11-10 19:02:20.676663+00	2025-11-10 19:02:20.676685+00	2025-11-10	\N	t	397	201
311	2025-11-10 19:02:20.686887+00	2025-11-10 19:02:20.686909+00	2025-11-10	\N	t	398	201
312	2025-11-10 19:02:20.72268+00	2025-11-10 19:02:20.722697+00	2025-11-10	\N	t	400	202
313	2025-11-10 19:02:20.753047+00	2025-11-10 19:02:20.753061+00	2025-11-10	\N	t	401	203
314	2025-11-10 19:02:20.789098+00	2025-11-10 19:02:20.789114+00	2025-11-10	\N	t	403	204
315	2025-11-10 19:02:20.816088+00	2025-11-10 19:02:20.816105+00	2025-11-10	\N	t	405	205
316	2025-11-10 19:02:20.845161+00	2025-11-10 19:02:20.845179+00	2025-11-10	\N	t	406	206
317	2025-11-10 19:02:20.855602+00	2025-11-10 19:02:20.855645+00	2025-11-10	\N	t	407	206
318	2025-11-10 19:02:20.866464+00	2025-11-10 19:02:20.866481+00	2025-11-10	\N	t	408	206
319	2025-11-10 19:02:20.901326+00	2025-11-10 19:02:20.901343+00	2025-11-10	\N	t	411	207
320	2025-11-10 19:02:20.925192+00	2025-11-10 19:02:20.925211+00	2025-11-10	\N	t	412	208
321	2025-11-10 19:02:20.933782+00	2025-11-10 19:02:20.933798+00	2025-11-10	\N	t	413	208
322	2025-11-10 19:02:20.95591+00	2025-11-10 19:02:20.955929+00	2025-11-10	\N	t	414	209
323	2025-11-10 19:02:20.963465+00	2025-11-10 19:02:20.963483+00	2025-11-10	\N	t	415	209
324	2025-11-10 19:02:20.986055+00	2025-11-10 19:02:20.986074+00	2025-11-10	\N	t	416	210
325	2025-11-10 19:02:20.994496+00	2025-11-10 19:02:20.994514+00	2025-11-10	\N	t	417	210
326	2025-11-10 19:02:21.019934+00	2025-11-10 19:02:21.019951+00	2025-11-10	\N	t	419	211
327	2025-11-10 19:02:21.037423+00	2025-11-10 19:02:21.03744+00	2025-11-10	\N	t	406	212
328	2025-11-10 19:02:21.062003+00	2025-11-10 19:02:21.062019+00	2025-11-10	\N	t	420	213
329	2025-11-10 19:02:21.086762+00	2025-11-10 19:02:21.086778+00	2025-11-10	\N	t	421	214
330	2025-11-10 19:02:21.114144+00	2025-11-10 19:02:21.114165+00	2025-11-10	\N	t	422	215
331	2025-11-10 19:02:21.123219+00	2025-11-10 19:02:21.123238+00	2025-11-10	\N	t	423	215
332	2025-11-10 19:02:21.132246+00	2025-11-10 19:02:21.132268+00	2025-11-10	\N	t	424	215
\.


--
-- Data for Name: people_person; Type: TABLE DATA; Schema: public; Owner: postgres
--

COPY public.people_person (id, created_at, updated_at, name, email) FROM stdin;
1	2025-11-10 19:02:15.660552+00	2025-11-10 19:02:15.660573+00	Carlos Roberto Pires Campos	carlosr@ifes.edu.br
2	2025-11-10 19:02:15.717503+00	2025-11-10 19:02:15.717533+00	Maria Alice Veiga Ferreira De Souza	mariaalice@ifes.edu.br
3	2025-11-10 19:02:15.720481+00	2025-11-10 19:02:15.720503+00	Luciano Lessa Lorenzoni	lllorenzoni@ifes.edu.br
4	2025-11-10 19:02:15.771424+00	2025-11-10 19:02:15.77145+00	Joao Marcos Louzada	joao.louzada@ifes.edu.br
5	2025-11-10 19:02:15.81285+00	2025-11-10 19:02:15.812871+00	Alessandra Savazzini Dos Reis	alessandrar@ifes.edu.br
6	2025-11-10 19:02:15.847582+00	2025-11-10 19:02:15.847604+00	Vinicius Erler De Sousa Ramos	vinicius.ramos@ifes.edu.br
7	2025-11-10 19:02:15.84974+00	2025-11-10 19:02:15.849757+00	Cristiano Severo Aiolfi	cristiano.aiolfi@ifes.edu.br
8	2025-11-10 19:02:15.859884+00	2025-11-10 19:02:15.859907+00	Pablo Rodrigues Muniz	pablorm@ifes.edu.br
9	2025-11-10 19:02:15.886518+00	2025-11-10 19:02:15.886536+00	Luis Eduardo Martins De Lima	luisedu@ifes.edu.br
10	2025-11-10 19:02:15.888385+00	2025-11-10 19:02:15.888401+00	Hans Rolf Kulitz	hans@ifes.edu.br
11	2025-11-10 19:02:15.899437+00	2025-11-10 19:02:15.899453+00	Eduardo Fausto Kuster Cid	eduardok@ifes.edu.br
12	2025-11-10 19:02:15.901308+00	2025-11-10 19:02:15.901322+00	Sabrine Lino Pinto	sabrine@ifes.edu.br
13	2025-11-10 19:02:15.933224+00	2025-11-10 19:02:15.933241+00	Ana Lucia Reis Melo Fernandes Da Costa	analuciacosta@ifes.edu.br
14	2025-11-10 19:02:15.934712+00	2025-11-10 19:02:15.934728+00	Renilson Luiz Teixeira	renilson@ifes.edu.br
15	2025-11-10 19:02:15.966801+00	2025-11-10 19:02:15.966815+00	Adrianna Machado Meneguelli	adrianna.meneguelli@ifes.edu.br
16	2025-11-10 19:02:15.994977+00	2025-11-10 19:02:15.994991+00	Ernesto Correa Ferreira	ernesto.ferreira@ifes.edu.br
17	2025-11-10 19:02:15.996835+00	2025-11-10 19:02:15.99685+00	Juliano Souza Ribeiro	julianoribeiro@ifes.edu.br
18	2025-11-10 19:02:16.026674+00	2025-11-10 19:02:16.026689+00	Isabel De Conte Carvalho De Alencar	idccalencar@gmail.com
19	2025-11-10 19:02:16.035006+00	2025-11-10 19:02:16.035019+00	Marcella Porto Tavares	marcela.porto@ifes.edu.br
20	2025-11-10 19:02:16.062214+00	2025-11-10 19:02:16.062228+00	Atanásio Alves Do Amaral	atanasio@ifes.edu.br
21	2025-11-10 19:02:16.070947+00	2025-11-10 19:02:16.070965+00	Daniele Alves Marinho	daniele.marinho@ifes.edu.br
22	2025-11-10 19:02:16.095109+00	2025-11-10 19:02:16.095123+00	Adriana Marcia Nicolau Korres	akorres@gmail.com
23	2025-11-10 19:02:16.103866+00	2025-11-10 19:02:16.103882+00	Wilton Soares Cardoso	wilton.cardoso@ifes.edu.br
24	2025-11-10 19:02:16.105608+00	2025-11-10 19:02:16.105622+00	Flávia De Abreu Pinheiro	flavia.pinheiro@ifes.edu.br
25	2025-11-10 19:02:16.14101+00	2025-11-10 19:02:16.141027+00	Andre Itman Filho	andrei@ifes.edu.br
26	2025-11-10 19:02:16.142996+00	2025-11-10 19:02:16.143012+00	Rosana Vilarim Da Silva	rosana@ifes.edu.br
27	2025-11-10 19:02:16.151814+00	2025-11-10 19:02:16.151829+00	Daniel Lanna Peixoto	lannapeixoto@gmail.com
28	2025-11-10 19:02:16.178084+00	2025-11-10 19:02:16.178098+00	Leivisgton Jansen Silvestre Leitao	jansen@ifes.edu.br
29	2025-11-10 19:02:16.17959+00	2025-11-10 19:02:16.179604+00	Deborah Valandro De Souza	deborah@ifes.edu.br
30	2025-11-10 19:02:16.200605+00	2025-11-10 19:02:16.200614+00	Fabiana Carvalho Rodrigues	fabiana.rodrigues@ifes.edu.br
31	2025-11-10 19:02:16.203857+00	2025-11-10 19:02:16.203866+00	Luiz Fernando Dias Ferreira	luizfernando@ifes.edu.br
32	2025-11-10 19:02:16.21391+00	2025-11-10 19:02:16.213916+00	Vitor Dalmazo Melotti	vitor.melotti@ifes.edu.br
33	2025-11-10 19:02:16.214444+00	2025-11-10 19:02:16.214449+00	Yuri Barbosa Guerson	yuri.guerson@ifes.edu.br
34	2025-11-10 19:02:16.217376+00	2025-11-10 19:02:16.217381+00	Lucas Louzada Pereira	lucaslozada@hotmail.com
35	2025-11-10 19:02:16.225165+00	2025-11-10 19:02:16.225169+00	Helder Januario Da Silva Gomes	hgomes@ifes.edu.br
36	2025-11-10 19:02:16.227159+00	2025-11-10 19:02:16.227164+00	Estefano Aparecido Vieira	estefanovieira@ifes.edu.br
37	2025-11-10 19:02:16.227623+00	2025-11-10 19:02:16.22763+00	Adonias Ribeiro Franco Junior	adonias@ifes.edu.br
38	2025-11-10 19:02:16.23727+00	2025-11-10 19:02:16.237275+00	Alexandre Vianna Bahiense	abahiense@ifes.edu.br
39	2025-11-10 19:02:16.239371+00	2025-11-10 19:02:16.239376+00	Mauro Cesar Dias	maurocesar@ifes.edu.br
40	2025-11-10 19:02:16.23989+00	2025-11-10 19:02:16.239894+00	Osmair Vital De Oliveira	osmair@ifes.edu.br
41	2025-11-10 19:02:16.242517+00	2025-11-10 19:02:16.242522+00	Vitor Cezar Broetto Pegoretti	vitor.pegoretti@ifes.edu.br
42	2025-11-10 19:02:16.248861+00	2025-11-10 19:02:16.248866+00	Jean Pierre De Oliveira Bone	jean.bone@ifes.edu.br
43	2025-11-10 19:02:16.25288+00	2025-11-10 19:02:16.252885+00	Abraão Lemos Caldas Frossard	abraao.frossard@ifes.edu.br
44	2025-11-10 19:02:16.256348+00	2025-11-10 19:02:16.256353+00	Andromeda Goretti De Menezes Campos	andromeda.campos@ifes.edu.br
45	2025-11-10 19:02:16.256948+00	2025-11-10 19:02:16.256952+00	Juliana Cristina Da Silva Cassaro	julianacs@ifes.edu.br
46	2025-11-10 19:02:16.26703+00	2025-11-10 19:02:16.267035+00	Fabio Paiva Reis	fabio.reis@ifes.edu.br
47	2025-11-10 19:02:16.273858+00	2025-11-10 19:02:16.273862+00	Gabriel Domingos Carvalho	gabriel.carvalho@ifes.edu.br
48	2025-11-10 19:02:16.280912+00	2025-11-10 19:02:16.280916+00	Flávia Regina Spago De Camargo Gonçalves	flavia.goncalves@ifes.edu.br
49	2025-11-10 19:02:16.28823+00	2025-11-10 19:02:16.288235+00	Geisa Lourenço Ribeiro	geisa.ribeiro@ifes.edu.br
50	2025-11-10 19:02:16.288669+00	2025-11-10 19:02:16.288674+00	Thalismar Matias Gonçalves	thalismar.goncalves@ifes.edu.br
51	2025-11-10 19:02:16.29779+00	2025-11-10 19:02:16.297795+00	Charles Moreto	charlesm@ifes.edu.br
52	2025-11-10 19:02:16.303801+00	2025-11-10 19:02:16.303806+00	Vanessa Battestin	vanessa@ifes.edu.br
53	2025-11-10 19:02:16.304257+00	2025-11-10 19:02:16.304261+00	Márcia Gonçalves De Oliveira	clickmarcia@gmail.com
54	2025-11-10 19:02:16.306324+00	2025-11-10 19:02:16.306329+00	Roberto Pereira Santos	roberto.santos@ifes.edu.br
55	2025-11-10 19:02:16.314303+00	2025-11-10 19:02:16.314308+00	Lauro Chagas E Sá	proflaurosa@gmail.com
56	2025-11-10 19:02:16.32424+00	2025-11-10 19:02:16.324252+00	Priscila De Souza Chisté Leite	priscilachiste.ufes@gmail.com
57	2025-11-10 19:02:16.325753+00	2025-11-10 19:02:16.325765+00	Dilza Coco	dilzacoco@gmail.com
58	2025-11-10 19:02:16.35222+00	2025-11-10 19:02:16.352235+00	Katia Gonçalves Castor	katia.castor@ifes.edu.br
59	2025-11-10 19:02:16.359317+00	2025-11-10 19:02:16.359336+00	Davis Moreira Alvim	davisalvim@hotmail.com
60	2025-11-10 19:02:16.380057+00	2025-11-10 19:02:16.380074+00	Jaquelini Scalzer	jaquelini.scalzer@ifes.edu.br
61	2025-11-10 19:02:16.392946+00	2025-11-10 19:02:16.392959+00	Maikon Chaider Silva Scaldaferro	maikon.scaldaferro@ifes.edu.br
62	2025-11-10 19:02:16.397698+00	2025-11-10 19:02:16.397714+00	Aldo Rezende	aldorezendebh@gmail.com
63	2025-11-10 19:02:16.399231+00	2025-11-10 19:02:16.399244+00	Maria Jose De Resende Ferreira	mariaresende@ifes.edu.br
64	2025-11-10 19:02:16.429103+00	2025-11-10 19:02:16.429122+00	Rodrigo De Oliveira Pezzin	pezzin07@hotmail.com
65	2025-11-10 19:02:16.431301+00	2025-11-10 19:02:16.431319+00	Simão Vervloet Ramos	simao.ramos@ifes.edu.br
66	2025-11-10 19:02:16.467739+00	2025-11-10 19:02:16.467755+00	Elcio Das Graças Lacerda	elciodgl@hotmail.com
67	2025-11-10 19:02:16.469224+00	2025-11-10 19:02:16.469239+00	Ednaldo Miranda De Oliveira	ednaldo.oliveira@ifes.edu.br
68	2025-11-10 19:02:16.479837+00	2025-11-10 19:02:16.479857+00	Alexandre Pereira Chahad	alexchahad@gmail.com
69	2025-11-10 19:02:16.481574+00	2025-11-10 19:02:16.481592+00	Geraldo Andrade De Oliveira	gerandr@gmail.com
70	2025-11-10 19:02:16.515744+00	2025-11-10 19:02:16.515757+00	Luis Roberto Castro	lrcastro@ifes.edu.br
71	2025-11-10 19:02:16.517194+00	2025-11-10 19:02:16.517208+00	Hermes Vazzoler Junior	hermes@ifes.edu.br
72	2025-11-10 19:02:16.52312+00	2025-11-10 19:02:16.523133+00	Silvana Goldner Moreira	silvana.moreira@ifes.edu.br
73	2025-11-10 19:02:16.524278+00	2025-11-10 19:02:16.524289+00	Mirella Guedes Lima De Castro	mirellac@ifes.edu.br
74	2025-11-10 19:02:16.528103+00	2025-11-10 19:02:16.528116+00	Paulo Jose Pereira De Oliveira	paulojoseo@ifes.edu.br
75	2025-11-10 19:02:16.529055+00	2025-11-10 19:02:16.529063+00	Edmundo Rodrigues Junior	edmundor@ifes.edu.br
76	2025-11-10 19:02:16.543654+00	2025-11-10 19:02:16.543661+00	Aldieris Braz Amorim Caprini	acaprini@ifes.edu.br
77	2025-11-10 19:02:16.544337+00	2025-11-10 19:02:16.544343+00	Mariluza Sartori Deorce	mariluza@ifes.edu.br
78	2025-11-10 19:02:16.546809+00	2025-11-10 19:02:16.546817+00	Emanuel Jose Reis De Oliveira	emanuel@ifes.edu.br
79	2025-11-10 19:02:16.550474+00	2025-11-10 19:02:16.550481+00	Eros Estevão De Moura	eros@ifes.edu.br
80	2025-11-10 19:02:16.553029+00	2025-11-10 19:02:16.553038+00	Elvis Pantaleão Ferreira	epf150@hotmail.com
81	2025-11-10 19:02:16.553927+00	2025-11-10 19:02:16.553936+00	José Júlio Garcia De Freitas	jose.freitas@ifes.edu.br
82	2025-11-10 19:02:16.581873+00	2025-11-10 19:02:16.581889+00	Jacyara Conceição Rosa Mardgan	jacyara.mardgan@ifes.edu.br
83	2025-11-10 19:02:16.603914+00	2025-11-10 19:02:16.60393+00	Lucas Dos Passos E Silva	lucasdospassos@hotmail.com
84	2025-11-10 19:02:16.612805+00	2025-11-10 19:02:16.612819+00	Luiz Santiago Souza Do Nascimento De Lacerda	luiz.lacerda@ifes.edu.br
85	2025-11-10 19:02:16.639739+00	2025-11-10 19:02:16.639757+00	Jenniffer Syreetta De Oliveira Spelta	jenniffer.spelta@ifes.edu.br
86	2025-11-10 19:02:16.641549+00	2025-11-10 19:02:16.641564+00	Majorie Mara Malacarne	majorie.malacarne@ifes.edu.br
87	2025-11-10 19:02:16.651872+00	2025-11-10 19:02:16.651886+00	Morgana Moreschi	morgana.moreschi@ifes.edu.br
88	2025-11-10 19:02:16.660752+00	2025-11-10 19:02:16.660766+00	Fabiola Chrystian Oliveira Martins	fabiolac@ifes.edu.br
89	2025-11-10 19:02:16.668203+00	2025-11-10 19:02:16.668217+00	Samine De Almeida Benfica	samine.benfica@ifes.edu.br
90	2025-11-10 19:02:16.674836+00	2025-11-10 19:02:16.674853+00	Aline Prúcoli De Souza	aline.prucoli@ifes.edu.br
91	2025-11-10 19:02:16.695557+00	2025-11-10 19:02:16.695572+00	Márcia Rezende De Oliveira	marcia.rezende@ifes.edu.br
92	2025-11-10 19:02:16.697042+00	2025-11-10 19:02:16.697055+00	Rafael Cavalcanti Do Carmo	rafael.carmo@ifes.edu.br
93	2025-11-10 19:02:16.721927+00	2025-11-10 19:02:16.721945+00	Marcelo Durão Rodrigues Da Cunha	marcelo.cunha@ifes.edu.br
94	2025-11-10 19:02:16.730361+00	2025-11-10 19:02:16.730374+00	Marcio Adonis Miranda Rocha	marcioam@ifes.edu.br
95	2025-11-10 19:02:16.735129+00	2025-11-10 19:02:16.735145+00	Ronilda Lana Aguiar	ronilda.aguiar@ifes.edu.br
96	2025-11-10 19:02:16.736569+00	2025-11-10 19:02:16.736583+00	Anderson Mathias Holtz	anderson.holtz@ifes.edu.br
97	2025-11-10 19:02:16.73806+00	2025-11-10 19:02:16.738072+00	Antonio Fernando De Souza	antoniofs@ifes.edu.br
98	2025-11-10 19:02:16.743579+00	2025-11-10 19:02:16.743597+00	Joao Batista Esteves Peluzio	jbpeluzio@ifes.edu.br
99	2025-11-10 19:02:16.76535+00	2025-11-10 19:02:16.765364+00	Marcus Vinicius Sandoval Paixão	mvspaixao@gmail.com
100	2025-11-10 19:02:16.76677+00	2025-11-10 19:02:16.766782+00	Antonio Resende Fernandes	antoniorf@ifes.edu.br
101	2025-11-10 19:02:16.77495+00	2025-11-10 19:02:16.774963+00	Antonio Luiz Pinheiro	antoniol@ifes.edu.br
102	2025-11-10 19:02:16.781125+00	2025-11-10 19:02:16.781147+00	Thiago Mello Dos Reis	thiago.mello@ifes.edu.br
103	2025-11-10 19:02:16.789851+00	2025-11-10 19:02:16.789872+00	Clainer Bravin Donadel	cdonadel@ifes.edu.br
104	2025-11-10 19:02:16.792311+00	2025-11-10 19:02:16.792327+00	Marcelo Brunoro	mbrunoro@ifes.edu.br
105	2025-11-10 19:02:16.825866+00	2025-11-10 19:02:16.82588+00	Thalmo De Paiva Coelho Junior	thalmo@ifes.edu.br
106	2025-11-10 19:02:16.848655+00	2025-11-10 19:02:16.848671+00	Cristiano Meiga Belem	indicadoresrmgv@gmail.com
107	2025-11-10 19:02:16.854324+00	2025-11-10 19:02:16.854341+00	Joanita Araujo Espanhol	joespanhol@hotmail.com
108	2025-11-10 19:02:16.872384+00	2025-11-10 19:02:16.872399+00	Luiz Fernando Dalmonech	luiz.dalmonech@ifes.edu.br
109	2025-11-10 19:02:16.879946+00	2025-11-10 19:02:16.879965+00	Sávio Da Silva Berilli	berilli@gmail.com
110	2025-11-10 19:02:16.900549+00	2025-11-10 19:02:16.900569+00	Rafael Da Silva Marques Ferreira	rafael.ferreira@ifes.edu.br
111	2025-11-10 19:02:16.922493+00	2025-11-10 19:02:16.922508+00	Vinícius Secchin De Melo	secchin@ifes.edu.br
112	2025-11-10 19:02:16.945751+00	2025-11-10 19:02:16.945769+00	Luiz Alberto Pinto	luiz.pt@ifes.edu.br
113	2025-11-10 19:02:16.947511+00	2025-11-10 19:02:16.947526+00	Daniel Cruz Cavalieri	daniel.cavalieri@ifes.edu.br
114	2025-11-10 19:02:16.976449+00	2025-11-10 19:02:16.976465+00	Marco Antonio De Souza Leite Cuadros	marcoantonio@ifes.edu.br
115	2025-11-10 19:02:16.978692+00	2025-11-10 19:02:16.978708+00	Gustavo Maia De Almeida	gmaia@ifes.edu.br
116	2025-11-10 19:02:17.006336+00	2025-11-10 19:02:17.006351+00	Leonardo De Assis Silva	leonardo.assis@ifes.edu.br
117	2025-11-10 19:02:17.007909+00	2025-11-10 19:02:17.007923+00	Bruno Neves Amigo	bruno.amigo@ifes.edu.br
118	2025-11-10 19:02:17.034084+00	2025-11-10 19:02:17.034099+00	Araceli Veronica Flores Nardy Ribeiro	araceli@ifes.edu.br
119	2025-11-10 19:02:17.038991+00	2025-11-10 19:02:17.039008+00	Milton Cesar Paes Santos	miltoncps@gmail.com
120	2025-11-10 19:02:17.059122+00	2025-11-10 19:02:17.059141+00	Pedro Vitor Morbach Dixini	pedrodixini@gmail.com
121	2025-11-10 19:02:17.06561+00	2025-11-10 19:02:17.065648+00	Flavio Barcelos Braz Da Silva	flaviobarcelos@ifes.edu.br
122	2025-11-10 19:02:17.067924+00	2025-11-10 19:02:17.067943+00	Danilo De Paula E Silva	danilo.silva@ifes.edu.br
123	2025-11-10 19:02:17.097533+00	2025-11-10 19:02:17.097549+00	Aparecida De Fatima Madella De Oliveira	amadella@ifes.edu.br
124	2025-11-10 19:02:17.099088+00	2025-11-10 19:02:17.099102+00	Luciano Menini	lmenini@ifes.edu.br
125	2025-11-10 19:02:17.125827+00	2025-11-10 19:02:17.125844+00	Manuella Villar Amado	manuella@ifes.edu.br
126	2025-11-10 19:02:17.145541+00	2025-11-10 19:02:17.145554+00	Claudia Castro De Carvalho Nascimento	claudia2n@gmail.com
127	2025-11-10 19:02:17.151094+00	2025-11-10 19:02:17.15111+00	Antonio Donizetti Sgarbi	donizettisgarbi@gmail.com
128	2025-11-10 19:02:17.152669+00	2025-11-10 19:02:17.152684+00	Vilma Reis Terra	terravilma@gmail.com
129	2025-11-10 19:02:17.178561+00	2025-11-10 19:02:17.17858+00	Mauro Sérgio Da Silva	mauro.silva@ifes.edu.br
130	2025-11-10 19:02:17.216884+00	2025-11-10 19:02:17.216896+00	Claudia Da Cunha Monte Oliveira	claudiac@ifes.edu.br
131	2025-11-10 19:02:17.21818+00	2025-11-10 19:02:17.218193+00	Filipe Ribeiro Carneiro	filipe.carneiro@ifes.edu.br
132	2025-11-10 19:02:17.223087+00	2025-11-10 19:02:17.223104+00	Paulo Willian Brunelli Viçosi	willian.brunelli@ifes.edu.br
133	2025-11-10 19:02:17.269524+00	2025-11-10 19:02:17.269539+00	Sergio Nicolau Serafim Martins	serafim@ifes.edu.br
134	2025-11-10 19:02:17.270925+00	2025-11-10 19:02:17.270938+00	Greice Sabadini Serafim Martins	greice@ifes.edu.br
135	2025-11-10 19:02:17.293996+00	2025-11-10 19:02:17.294011+00	Yan Patrick Brandemburg Siqueira	yan.siqueira@ifes.edu.br
136	2025-11-10 19:02:17.317698+00	2025-11-10 19:02:17.317715+00	Rafael Buback Teixeira	rafael.teixeira@ifes.edu.br
137	2025-11-10 19:02:17.319817+00	2025-11-10 19:02:17.319831+00	Luiz Henrique Lima Faria	lh2323@yahoo.com.br
138	2025-11-10 19:02:17.321508+00	2025-11-10 19:02:17.32152+00	Rodrigo Loureiro Medeiros	rodrigo.medeiros@ifes.edu.br
139	2025-11-10 19:02:17.369541+00	2025-11-10 19:02:17.369561+00	Rosiane Ribeiro Rocha	rosiane.rocha@ifes.edu.br
140	2025-11-10 19:02:17.371829+00	2025-11-10 19:02:17.371846+00	Gabriel Tozatto Zago	gabriel.zago@ifes.edu.br
141	2025-11-10 19:02:17.403533+00	2025-11-10 19:02:17.403548+00	Renan Carreiro Rocha	renancarreiro@ifes.edu.br
142	2025-11-10 19:02:17.424028+00	2025-11-10 19:02:17.424043+00	Karla Percília Da Silva Fortes	karla.fortes@ifes.edu.br
143	2025-11-10 19:02:17.425682+00	2025-11-10 19:02:17.425697+00	Elisangela Madeira Coelho	elisangela.coelho@ifes.edu.br
144	2025-11-10 19:02:17.451302+00	2025-11-10 19:02:17.451331+00	Aramis Cortes De Araujo Junior	aramiscortes@ifes.edu.br
145	2025-11-10 19:02:17.453292+00	2025-11-10 19:02:17.453308+00	Plínio Ferreira Guimarães	plinio.guimaraes@ifes.edu.br
146	2025-11-10 19:02:17.463364+00	2025-11-10 19:02:17.463379+00	André Oliveira Souza	andre.souza@ifes.edu.br
147	2025-11-10 19:02:17.464779+00	2025-11-10 19:02:17.464793+00	Adriano Posse Senhorelo	apsenhorelo@ifes.edu.br
148	2025-11-10 19:02:17.508366+00	2025-11-10 19:02:17.508379+00	Osmar José Bertholini Pianca	osmarpianca@hotmail.com
149	2025-11-10 19:02:17.509785+00	2025-11-10 19:02:17.509798+00	Tiago José Pessotti	tiago.pessotti@ifes.edu.br
150	2025-11-10 19:02:17.535773+00	2025-11-10 19:02:17.535787+00	Natiélia Oliveira Nogueira	natielia.nogueira@ifes.edu.br
151	2025-11-10 19:02:17.556234+00	2025-11-10 19:02:17.55625+00	Katiuscia Aparecida Moreira De Oliveira Mendes	katiuscia.mendes@ifes.edu.br
152	2025-11-10 19:02:17.557718+00	2025-11-10 19:02:17.557731+00	Nádia Ribeiro Amorim Aiolfi	nadia666ra@gmail.com
153	2025-11-10 19:02:17.58328+00	2025-11-10 19:02:17.583297+00	Priscilla Gevigi De Andrade Majoni	priscilla.majoni@ifes.edu.br
154	2025-11-10 19:02:17.600593+00	2025-11-10 19:02:17.600607+00	Fernanda Zanetti Becalli	fernanda.becalli@ifes.edu.br
155	2025-11-10 19:02:17.61974+00	2025-11-10 19:02:17.619753+00	Larissy Alves Cotonhoto	larissy.cotonhoto@ifes.edu.br
156	2025-11-10 19:02:17.621214+00	2025-11-10 19:02:17.621229+00	Josiane Beltrame Milanesi	josiane.milanesi@ifes.edu.br
157	2025-11-10 19:02:17.622807+00	2025-11-10 19:02:17.622824+00	Sanandreia Torezani Perinni	sanandreia@ifes.edu.br
158	2025-11-10 19:02:17.624474+00	2025-11-10 19:02:17.624486+00	Emilene Coco Dos Santos	emilenecoco@hotmail.com
159	2025-11-10 19:02:17.625902+00	2025-11-10 19:02:17.625914+00	Sirley Trugilho Da Silva	strugilho@ifes.edu.br
160	2025-11-10 19:02:17.627179+00	2025-11-10 19:02:17.62719+00	Yvina Pavan Baldo	yvina@ifes.edu.br
161	2025-11-10 19:02:17.628332+00	2025-11-10 19:02:17.628342+00	Mariella Berger Andrade	mariella.andrade@ifes.edu.br
162	2025-11-10 19:02:17.629597+00	2025-11-10 19:02:17.629608+00	Lidiane Leite Vasconcelos	lidianeleite@gmail.com
163	2025-11-10 19:02:17.71116+00	2025-11-10 19:02:17.711178+00	Mariana Dos Santos Cezar	mariana.cezar@ifes.edu.br
164	2025-11-10 19:02:17.730606+00	2025-11-10 19:02:17.730623+00	Maria Auxiliadora Vilela Paiva	dora@ifes.edu.br
165	2025-11-10 19:02:17.751194+00	2025-11-10 19:02:17.751211+00	Michel Guerra De Souza	michel.souza@ifes.edu.br
166	2025-11-10 19:02:17.752879+00	2025-11-10 19:02:17.752893+00	Douglas Araujo Victor	douglas.araujo@ifes.edu.br
167	2025-11-10 19:02:17.760161+00	2025-11-10 19:02:17.760182+00	Edson Maciel Peixoto	edsonpeixoto@ifes.edu.br
168	2025-11-10 19:02:17.779888+00	2025-11-10 19:02:17.779904+00	Raquelli Natale	raquellinatale@gmail.com
169	2025-11-10 19:02:17.781849+00	2025-11-10 19:02:17.781865+00	Dayane Santos De Souza	dayane.souza@ifes.edu.br
170	2025-11-10 19:02:17.809962+00	2025-11-10 19:02:17.809978+00	Alexandre Luiz Polizel	alexandre.polizel@ifes.edu.br
171	2025-11-10 19:02:17.828437+00	2025-11-10 19:02:17.828452+00	Fabiana Da Silva Kauark	fabianak@ifes.edu.br
172	2025-11-10 19:02:17.830068+00	2025-11-10 19:02:17.830082+00	Cynthia Torres Daher	cynthia.daher@ifes.edu.br
173	2025-11-10 19:02:17.831441+00	2025-11-10 19:02:17.831454+00	Chrystian Carletti	chrystian.carletti@ifes.edu.br
174	2025-11-10 19:02:17.862888+00	2025-11-10 19:02:17.862904+00	Rodolfo Chaves	rodolfochaves20@gmail.com
175	2025-11-10 19:02:17.864923+00	2025-11-10 19:02:17.864941+00	Ligia Arantes Sad	aransadli@gmail.com
176	2025-11-10 19:02:17.89691+00	2025-11-10 19:02:17.896922+00	Flávia Nascimento Ribeiro	flavia.ribeiro@ifes.edu.br
177	2025-11-10 19:02:17.91655+00	2025-11-10 19:02:17.91657+00	Ivan Almeida Rozario Júnior	ivan.rozario@ifes.edu.br
178	2025-11-10 19:02:17.918764+00	2025-11-10 19:02:17.918781+00	Tatiana Aparecida Moreira	tatiana.moreira@ifes.edu.br
179	2025-11-10 19:02:17.949271+00	2025-11-10 19:02:17.94929+00	Lorena Raphael Rodrigues	lorena.raphael92@gmail.com
180	2025-11-10 19:02:17.951388+00	2025-11-10 19:02:17.951403+00	Lumena Glória De Souza Nunes	lumenag@yahoo.com.br
181	2025-11-10 19:02:17.979559+00	2025-11-10 19:02:17.979578+00	Alysson Augusto Pereira Machado	alysson.machado@ifes.edu.br
182	2025-11-10 19:02:17.999694+00	2025-11-10 19:02:17.99971+00	Isaac Gezer Silva De Oliveira	isaac@ifes.edu.br
183	2025-11-10 19:02:18.020274+00	2025-11-10 19:02:18.020291+00	Igor Carlos Pulini	igor.pulini@ifes.edu.br
184	2025-11-10 19:02:18.045717+00	2025-11-10 19:02:18.045731+00	Jacqueline Rogeria Bringhenti	jacquelineb@ifes.edu.br
185	2025-11-10 19:02:18.076039+00	2025-11-10 19:02:18.076056+00	Jones Santander Neto	jones.santander@ifes.edu.br
186	2025-11-10 19:02:18.095421+00	2025-11-10 19:02:18.095439+00	Marcelo Giordani Minozzo	marcelogm@ifes.edu.br
187	2025-11-10 19:02:18.120231+00	2025-11-10 19:02:18.120244+00	Alan Afif Helal	alan.helal@ifes.edu.br
188	2025-11-10 19:02:18.12177+00	2025-11-10 19:02:18.121782+00	Jose Roberto Goncalves De Abreu	jrgoncalves@ifes.edu.br
189	2025-11-10 19:02:18.128892+00	2025-11-10 19:02:18.128911+00	Ricardo Maroquio Bernardo	ricardo.maroquio@ifes.edu.br
190	2025-11-10 19:02:18.148732+00	2025-11-10 19:02:18.148745+00	Tiago Pulce Bertelli	tiago.bertelli@ifes.edu.br
191	2025-11-10 19:02:18.15506+00	2025-11-10 19:02:18.155079+00	Eduardo Rodrigues Gomes	eduardo.gomes@ifes.edu.br
192	2025-11-10 19:02:18.177085+00	2025-11-10 19:02:18.177098+00	Ediu Carlos Lopes Lemos	ediu.lemos@ifes.edu.br
193	2025-11-10 19:02:18.19628+00	2025-11-10 19:02:18.196297+00	Wander Luiz Pereira Dos Santos	wpereira@ifes.edu.br
194	2025-11-10 19:02:18.198667+00	2025-11-10 19:02:18.198685+00	Leonardo Bis Dos Santos	leonardo.bis@ifes.edu.br
195	2025-11-10 19:02:18.228704+00	2025-11-10 19:02:18.228721+00	Gilmar De Souza Dias	gilmar@ifes.edu.br
196	2025-11-10 19:02:18.230915+00	2025-11-10 19:02:18.230931+00	Celio Marques	celiom@ifes.edu.br
197	2025-11-10 19:02:18.257094+00	2025-11-10 19:02:18.257112+00	Cesar Turczyn Campos	cesar.turczyn@ifes.edu.br
198	2025-11-10 19:02:18.285567+00	2025-11-10 19:02:18.285586+00	César Silva Xavier	cesar.xavier@ifes.edu.br
199	2025-11-10 19:02:18.288158+00	2025-11-10 19:02:18.288177+00	Claudio Sergio Marinato	claudio.marinato@ifes.edu.br
200	2025-11-10 19:02:18.315391+00	2025-11-10 19:02:18.315407+00	Werley Gomes Facco	werleyfacco@ifes.edu.br
201	2025-11-10 19:02:18.323137+00	2025-11-10 19:02:18.323157+00	Rodolfo Giacomim Mendes De Andrade	rodolfo.andrade@ifes.edu.br
202	2025-11-10 19:02:18.332502+00	2025-11-10 19:02:18.332515+00	Ana Claudia Fehelberg Pinto Braga	ana.fehelberg@ifes.edu.br
203	2025-11-10 19:02:18.338162+00	2025-11-10 19:02:18.338179+00	Mateus Mendes Magela	mateus.magela@ifes.edu.br
204	2025-11-10 19:02:18.348022+00	2025-11-10 19:02:18.348036+00	Luis Antonio Da Silva	lasilva@ifes.edu.br
205	2025-11-10 19:02:18.369814+00	2025-11-10 19:02:18.369831+00	João Paulo Bestete De Oliveira	jpboliveira@ifes.edu.br
206	2025-11-10 19:02:18.395203+00	2025-11-10 19:02:18.395221+00	Rafael Vargas Mesquita Dos Santos	rafaelv@ifes.edu.br
207	2025-11-10 19:02:18.401759+00	2025-11-10 19:02:18.401786+00	Francesco Suanno Neto	francesco.suanno@ifes.edu.br
208	2025-11-10 19:02:18.419643+00	2025-11-10 19:02:18.419658+00	Lucas Marin Bessa	lucas.bessa@ifes.edu.br
209	2025-11-10 19:02:18.44182+00	2025-11-10 19:02:18.441837+00	Alex Jordane De Oliveira	alex.jordane@gmail.com
210	2025-11-10 19:02:18.443756+00	2025-11-10 19:02:18.443772+00	Rony Claudio De Oliveira Freitas	ronyfreitas@ifes.edu.br
211	2025-11-10 19:02:18.474095+00	2025-11-10 19:02:18.474114+00	Thamires Belo De Jesus	thamiresb@ifes.edu.br
212	2025-11-10 19:02:18.500978+00	2025-11-10 19:02:18.500998+00	Edmar Reis Thiengo	thiengo@ifes.edu.br
213	2025-11-10 19:02:18.523085+00	2025-11-10 19:02:18.523103+00	Leonardo Muniz De Lima	lmuniz@ifes.edu.br
214	2025-11-10 19:02:18.52536+00	2025-11-10 19:02:18.525379+00	Jose Carlos Thompson Da Silva	jose.thompson@ifes.edu.br
215	2025-11-10 19:02:18.58517+00	2025-11-10 19:02:18.585189+00	Julio Cesar Madureira Silva	jmadureira@ifes.edu.br
216	2025-11-10 19:02:18.587493+00	2025-11-10 19:02:18.587511+00	Fabielle Castelan Marques	fabiellec@ifes.edu.br
217	2025-11-10 19:02:18.613478+00	2025-11-10 19:02:18.61349+00	Laís Jubini Callegario	lcallegario@ifes.edu.br
218	2025-11-10 19:02:18.618594+00	2025-11-10 19:02:18.618609+00	Ramon Teodoro Do Prado	ramontp05@gmail.com
219	2025-11-10 19:02:18.620716+00	2025-11-10 19:02:18.620732+00	Jardel Da Costa Brozeguini	jardel.brozeguini@ifes.edu.br
220	2025-11-10 19:02:18.649933+00	2025-11-10 19:02:18.64995+00	Jorge Henrique Gualandi	jhgualandi@ifes.edu.br
221	2025-11-10 19:02:18.667637+00	2025-11-10 19:02:18.667652+00	Weriquison Simer Corbani	weriquison.corbani@ifes.edu.br
222	2025-11-10 19:02:18.669055+00	2025-11-10 19:02:18.669068+00	André Luiz Bis Pirola	andrepirola@ifes.edu.br
223	2025-11-10 19:02:18.695738+00	2025-11-10 19:02:18.695752+00	Sandro Dos Santos Ferreira	sandroferreiraef@hotmail.com
224	2025-11-10 19:02:18.701537+00	2025-11-10 19:02:18.701553+00	Emmanuela Melo De Andrade Sternberg	emmanuela.sternberg@ifes.edu.br
225	2025-11-10 19:02:18.706717+00	2025-11-10 19:02:18.706733+00	Wesley Spalenza	wesley.spalenza@ifes.edu.br
226	2025-11-10 19:02:18.708293+00	2025-11-10 19:02:18.708306+00	Filipe Leôncio Braga	filipe.braga@ifes.edu.br
227	2025-11-10 19:02:18.734794+00	2025-11-10 19:02:18.734807+00	Almir Andreao	andreao@ifes.edu.br
228	2025-11-10 19:02:18.736281+00	2025-11-10 19:02:18.736294+00	Patricia Silvana Silva Andreao	patriciaandreao@ifes.edu.br
229	2025-11-10 19:02:18.765948+00	2025-11-10 19:02:18.76596+00	Salomão Martins De Carvalho Júnior	salomao.junior@ifes.edu.br
230	2025-11-10 19:02:18.767691+00	2025-11-10 19:02:18.767706+00	Wimerson Sanches Bazan	wimerson.bazan@ifes.edu.br
231	2025-11-10 19:02:18.797866+00	2025-11-10 19:02:18.797883+00	Carlos Alexandre Siqueira Da Silva	cassilva@ifes.edu.br
232	2025-11-10 19:02:18.804559+00	2025-11-10 19:02:18.804578+00	Guilbert De Arruda Souza	guilbert@ifes.edu.br
233	2025-11-10 19:02:18.806485+00	2025-11-10 19:02:18.806501+00	Luana De Oliveira Justo	ljusto@ifes.edu.br
234	2025-11-10 19:02:18.808354+00	2025-11-10 19:02:18.808371+00	Elvira Padua Lovate	elvirapl@ifes.edu.br
235	2025-11-10 19:02:18.809952+00	2025-11-10 19:02:18.809967+00	Maria Clara Schuwartz Ferreira Caliman	mcaliman@ifes.edu.br
236	2025-11-10 19:02:18.864872+00	2025-11-10 19:02:18.864888+00	Luiz Antonio Coco	lacoco@ifes.edu.br
237	2025-11-10 19:02:18.906101+00	2025-11-10 19:02:18.906118+00	Mara Cristina Ramos Quartezani	marac@ifes.edu.br
238	2025-11-10 19:02:18.90789+00	2025-11-10 19:02:18.907903+00	Fernanda Capucho Cezana	fecezana@ifes.edu.br
239	2025-11-10 19:02:18.940871+00	2025-11-10 19:02:18.940887+00	Sandra Aparecida Fraga Da Silva	sfraga@ifes.edu.br
240	2025-11-10 19:02:18.971124+00	2025-11-10 19:02:18.971141+00	Filipe Arthur Firmino Monhol	filipe.monhol@ifes.edu.br
241	2025-11-10 19:02:18.97282+00	2025-11-10 19:02:18.972834+00	Alan Patrick Da Silva Siqueira	alan.siqueira@ifes.edu.br
242	2025-11-10 19:02:18.978253+00	2025-11-10 19:02:18.97827+00	Alextian Bartholomeu Liberato	alextian@ifes.edu.br
243	2025-11-10 19:02:18.979887+00	2025-11-10 19:02:18.979901+00	Julio Cesar Nardi	julionardi@ifes.edu.br
244	2025-11-10 19:02:19.010727+00	2025-11-10 19:02:19.010744+00	Raphael Melo Borges	raphael.borges@ifes.edu.br
245	2025-11-10 19:02:19.017355+00	2025-11-10 19:02:19.017376+00	Leandro Colombi Resendo	leandro@ifes.edu.br
246	2025-11-10 19:02:19.019908+00	2025-11-10 19:02:19.019926+00	Cristina Klippel Dominicini	cristina.dominicini@ifes.edu.br
247	2025-11-10 19:02:19.047475+00	2025-11-10 19:02:19.047491+00	Walber Antonio Ramos Beltrame	walber.beltrame@ifes.edu.br
248	2025-11-10 19:02:19.070342+00	2025-11-10 19:02:19.070359+00	Ernandes De Oliveira Pereira	ernandesopgeo@gmail.com
249	2025-11-10 19:02:19.09405+00	2025-11-10 19:02:19.094065+00	Otacilio Jose Passos Rangel	ojprangel@ifes.edu.br
250	2025-11-10 19:02:19.0957+00	2025-11-10 19:02:19.095713+00	Júlio Cezar Machado Baptestini	julio.baptestini@ifes.edu.br
251	2025-11-10 19:02:19.126334+00	2025-11-10 19:02:19.126351+00	Mariana Petri Da Silva	mariana.silva@ifes.edu.br
252	2025-11-10 19:02:19.146017+00	2025-11-10 19:02:19.146033+00	Claudia Alessandra Costa De Araujo Lorenzoni	claudia.araujo@ifes.edu.br
253	2025-11-10 19:02:19.175487+00	2025-11-10 19:02:19.175503+00	Renato Do Nascimento Siqueira	renatons@ifes.edu.br
254	2025-11-10 19:02:19.177899+00	2025-11-10 19:02:19.177915+00	Michel De Oliveira Dos Santos	michel.santos@ifes.edu.br
255	2025-11-10 19:02:19.180334+00	2025-11-10 19:02:19.180349+00	Joao Paulo Barbosa	jpbarbosa@ifes.edu.br
256	2025-11-10 19:02:19.220016+00	2025-11-10 19:02:19.220033+00	Rômulo Furtado Faria	romulo.faria@ifes.edu.br
257	2025-11-10 19:02:19.225311+00	2025-11-10 19:02:19.225333+00	Leonardo Rodrigues De Araujo	leoaraujo@ifes.edu.br
258	2025-11-10 19:02:19.248226+00	2025-11-10 19:02:19.248244+00	André Romero Da Silva	aromero@ifes.edu.br
259	2025-11-10 19:02:19.254942+00	2025-11-10 19:02:19.254958+00	Marcio De Sousa Bolzan	mbolzan@ifes.edu.br
260	2025-11-10 19:02:19.27437+00	2025-11-10 19:02:19.274386+00	Miquelina Aparecida Deina	miquelina.deina@ifes.edu.br
261	2025-11-10 19:02:19.283905+00	2025-11-10 19:02:19.283918+00	Alexandre Fraga De Araújo	alexandref@ifes.edu.br
262	2025-11-10 19:02:19.285335+00	2025-11-10 19:02:19.285347+00	Lívia De Azevedo Silveira Rangel	liviaasrangel@gmail.com
263	2025-11-10 19:02:19.286695+00	2025-11-10 19:02:19.286707+00	Wellington Machado Lucena	wellington.lucena@ifes.edu.br
264	2025-11-10 19:02:19.292326+00	2025-11-10 19:02:19.292346+00	Jose Candido Rifan Sueth	candido@ifes.edu.br
265	2025-11-10 19:02:19.299552+00	2025-11-10 19:02:19.299571+00	Amarildo Mendes Lemos	amarildo.lemos@ifes.edu.br
266	2025-11-10 19:02:19.349368+00	2025-11-10 19:02:19.349383+00	Bruno Dos Santos Prado Moura	bruno.moura@ifes.edu.br
267	2025-11-10 19:02:19.357337+00	2025-11-10 19:02:19.357359+00	Karine Silveira	karine.silveira@ifes.edu.br
268	2025-11-10 19:02:19.367292+00	2025-11-10 19:02:19.367305+00	Flavio Parreiras Marques	flaviom@ifes.edu.br
269	2025-11-10 19:02:19.368854+00	2025-11-10 19:02:19.368867+00	Michel Bruno Taffner	michel@ifes.edu.br
270	2025-11-10 19:02:19.395341+00	2025-11-10 19:02:19.395358+00	Marize Lyra Silva Passos	marize@ifes.edu.br
271	2025-11-10 19:02:19.414974+00	2025-11-10 19:02:19.414989+00	Erika De Andrade Silva Leal	erikaleal@ifes.edu.br
272	2025-11-10 19:02:19.420959+00	2025-11-10 19:02:19.420979+00	Marcelo Serute	marcelo.serute@ifes.edu.br
273	2025-11-10 19:02:19.440696+00	2025-11-10 19:02:19.440715+00	Gustavo Haddad Souza Vieira	ghsv@ifes.edu.br
274	2025-11-10 19:02:19.443006+00	2025-11-10 19:02:19.443022+00	Paola Alfonsa Vieira Lo Monaco	paolalm@ifes.edu.br
275	2025-11-10 19:02:19.470016+00	2025-11-10 19:02:19.470032+00	Juliana Gomes Rosa	juliana.rosa@ifes.edu.br
276	2025-11-10 19:02:19.499948+00	2025-11-10 19:02:19.499965+00	Murilo De Oliveira Souza	murilo.souza@ifes.edu.br
277	2025-11-10 19:02:19.518721+00	2025-11-10 19:02:19.518737+00	Igor Henrique Beloti Pizetta	igor.pizetta@ifes.edu.br
278	2025-11-10 19:02:19.542871+00	2025-11-10 19:02:19.542895+00	Wilson Camerino Dos Santos Junior	wilson.santos@ifes.edu.br
279	2025-11-10 19:02:19.551851+00	2025-11-10 19:02:19.551868+00	Bruno Ramos Gonzaga	bgonzaga@ifes.edu.br
280	2025-11-10 19:02:19.580214+00	2025-11-10 19:02:19.580232+00	Raoni Schimitt Huapaya	raoni.huapaya@ifes.edu.br
281	2025-11-10 19:02:19.582305+00	2025-11-10 19:02:19.582321+00	Angélica Nogueira De Souza Tedesco	angelica.tedesco@ifes.edu.br
282	2025-11-10 19:02:19.61891+00	2025-11-10 19:02:19.618924+00	Felipe Ferreira Barros Carneiro	felipe.carneiro@ifes.edu.br
283	2025-11-10 19:02:19.659312+00	2025-11-10 19:02:19.659329+00	Diones Augusto Ribeiro	diones.ribeiro@ifes.edu.br
284	2025-11-10 19:02:19.681049+00	2025-11-10 19:02:19.681066+00	Hilário Tomaz Alves De Oliveira	hilario.oliveira@ifes.edu.br
285	2025-11-10 19:02:19.682899+00	2025-11-10 19:02:19.682913+00	Bruno Cardoso Coutinho	bccout@gmail.com
286	2025-11-10 19:02:19.707255+00	2025-11-10 19:02:19.707266+00	Cristiano Da Silveira Colombo	cristianos@ifes.edu.br
287	2025-11-10 19:02:19.708515+00	2025-11-10 19:02:19.708525+00	Rafael Silva Guimarães	rafaelg@ifes.edu.br
288	2025-11-10 19:02:19.709705+00	2025-11-10 19:02:19.709715+00	Lucas Poubel Timm Do Carmo	lucas.carmo@ifes.edu.br
289	2025-11-10 19:02:19.730068+00	2025-11-10 19:02:19.730074+00	Rodrigo Ferreira Rodrigues	rodrigo.rodrigues@ifes.edu.br
290	2025-11-10 19:02:19.737042+00	2025-11-10 19:02:19.737047+00	Danieli Soares De Oliveira	danieli@ifes.edu.br
291	2025-11-10 19:02:19.746424+00	2025-11-10 19:02:19.746429+00	Breno Lima Rodriguez	breno@ifes.edu.br
292	2025-11-10 19:02:19.753363+00	2025-11-10 19:02:19.753368+00	Guilherme Augusto Dos Santos Póvoa	guilherme.povoa@ifes.edu.br
293	2025-11-10 19:02:19.755451+00	2025-11-10 19:02:19.755457+00	Antonio Carlos Gomes	antoniocarlos@ifes.edu.br
294	2025-11-10 19:02:19.762263+00	2025-11-10 19:02:19.762268+00	Josiane Brunetti Cani	josicani@ifes.edu.br
295	2025-11-10 19:02:19.762864+00	2025-11-10 19:02:19.762869+00	Elizabete Gerlânia Caron Sandrini	egerlania@ifes.edu.br
296	2025-11-10 19:02:19.764947+00	2025-11-10 19:02:19.764952+00	Mariana Passos Ramalhete	mariana.ramalhete@ifes.edu.br
297	2025-11-10 19:02:19.767145+00	2025-11-10 19:02:19.76715+00	Robson Malacarne	robson.malacarne@ifes.edu.br
298	2025-11-10 19:02:19.767771+00	2025-11-10 19:02:19.767776+00	Adonai Jose Lacruz	adonai.lacruz@ifes.edu.br
299	2025-11-10 19:02:19.769925+00	2025-11-10 19:02:19.76993+00	Luciano De Oliveira Toledo	ltoledo@ifes.edu.br
300	2025-11-10 19:02:19.772087+00	2025-11-10 19:02:19.772093+00	Henrique David Lavander	henrique.lavander@ifes.edu.br
301	2025-11-10 19:02:19.774261+00	2025-11-10 19:02:19.774267+00	Jocélia Abreu Barcellos Vargas	joceliab@ifes.edu.br
302	2025-11-10 19:02:19.78132+00	2025-11-10 19:02:19.781326+00	André Gustavo De Sousa Galdino	andregsg@ifes.edu.br
303	2025-11-10 19:02:19.781928+00	2025-11-10 19:02:19.781933+00	Georgia Serafim Araujo	georgia@ifes.edu.br
304	2025-11-10 19:02:19.785372+00	2025-11-10 19:02:19.785378+00	Bruno Corveto Bragança	bruno.braganca@ifes.edu.br
305	2025-11-10 19:02:19.786+00	2025-11-10 19:02:19.786005+00	Rodrigo Soares Dos Santos	rodrigo.santos@ifes.edu.br
306	2025-11-10 19:02:19.786579+00	2025-11-10 19:02:19.786584+00	Davi Pereira Garcia	davi.garcia@ifes.edu.br
307	2025-11-10 19:02:19.787183+00	2025-11-10 19:02:19.787188+00	Renan Valter Magnol	renan.magnol2@ifes.edu.br
308	2025-11-10 19:02:19.787782+00	2025-11-10 19:02:19.787786+00	Antonio Carlos Barbosa Zancanella	antonio.zancanella@ifes.edu.br
309	2025-11-10 19:02:19.80449+00	2025-11-10 19:02:19.804495+00	Paulo Vitor Vidal Aguiar	paulovidal@ifes.edu.br
310	2025-11-10 19:02:19.805138+00	2025-11-10 19:02:19.805143+00	Huarley Pratte Lemke	huarley@ifes.edu.br
311	2025-11-10 19:02:19.815033+00	2025-11-10 19:02:19.815038+00	Ana Paula Candido Gabriel Berilli	ana.berilli@ifes.edu.br
312	2025-11-10 19:02:19.815666+00	2025-11-10 19:02:19.815671+00	Monique Moreira Moulin	mmmoulin@ifes.edu.br
313	2025-11-10 19:02:19.82501+00	2025-11-10 19:02:19.825015+00	Adriana Pin	adriana.pin@ifes.edu.br
314	2025-11-10 19:02:19.825611+00	2025-11-10 19:02:19.825617+00	Carolina Lomando Canete	carolcanete@ifes.edu.br
315	2025-11-10 19:02:19.834909+00	2025-11-10 19:02:19.834915+00	Rafael Marin Ferro	rafael.ferro@ifes.edu.br
316	2025-11-10 19:02:19.841914+00	2025-11-10 19:02:19.841919+00	Debora Santos De Andrade Dutra	deborasad@ifes.edu.br
317	2025-11-10 19:02:19.842529+00	2025-11-10 19:02:19.842534+00	Gloria Maria De Farias Viegas Aquije	gloriaviegas@ifes.edu.br
318	2025-11-10 19:02:19.84465+00	2025-11-10 19:02:19.844655+00	José Monsair De Almeida Martucheli Junior	juniormartuchelli@gmail.com
319	2025-11-10 19:02:19.857798+00	2025-11-10 19:02:19.857803+00	Letícia Queiroz De Carvalho	leticia.carvalho@ifes.edu.br
320	2025-11-10 19:02:19.859942+00	2025-11-10 19:02:19.859948+00	André Effgen De Aguiar	aeffgen@gmail.com
321	2025-11-10 19:02:19.866695+00	2025-11-10 19:02:19.8667+00	Alexandre Luís Cardoso Bissoli	alexandre.bissoli@ifes.edu.br
322	2025-11-10 19:02:19.873715+00	2025-11-10 19:02:19.87372+00	Ana Raquel Santos De Medeiros Garcia	anamedeiros@ifes.edu.br
323	2025-11-10 19:02:19.874378+00	2025-11-10 19:02:19.874384+00	Denise Rocco De Sena	derocco@gmail.com
324	2025-11-10 19:02:19.883897+00	2025-11-10 19:02:19.883902+00	Luiz Otavio Buffon	buffon@ifes.edu.br
325	2025-11-10 19:02:19.884394+00	2025-11-10 19:02:19.884399+00	Robson Leone Evangelista	robson.leone@ifes.edu.br
326	2025-11-10 19:02:19.895425+00	2025-11-10 19:02:19.895435+00	Rodolpho Medeiros Frossard	rodolpho.frossard@ifes.edu.br
327	2025-11-10 19:02:19.919751+00	2025-11-10 19:02:19.919771+00	Isis Cler Depolli	isis.depolli@ifes.edu.br
328	2025-11-10 19:02:19.943311+00	2025-11-10 19:02:19.943329+00	Carlos Roberto Coutinho	crcoutinho@ifes.edu.br
329	2025-11-10 19:02:19.945388+00	2025-11-10 19:02:19.945405+00	Arthur Eduardo Alves Amorim	arthur.amorim@ifes.edu.br
330	2025-11-10 19:02:19.984777+00	2025-11-10 19:02:19.984786+00	Weksley Pinheiro Gama	weksley.gama@ifes.edu.br
331	2025-11-10 19:02:19.999932+00	2025-11-10 19:02:19.99995+00	Isaias Alves	isaias.alves@ifes.edu.br
332	2025-11-10 19:02:20.023203+00	2025-11-10 19:02:20.02322+00	Erivelto Fioresi De Sousa	erivelto.sousa@ifes.edu.br
333	2025-11-10 19:02:20.047484+00	2025-11-10 19:02:20.047497+00	Diemerson Da Costa Sacchetto	saquettto@gmail.com
334	2025-11-10 19:02:20.063607+00	2025-11-10 19:02:20.063618+00	Angelo Roberto Fiorio Custodio	angelo.custodio@ifes.edu.br
335	2025-11-10 19:02:20.075184+00	2025-11-10 19:02:20.075192+00	Tiago José Menezes Gonçalves	tiago.goncalves@ifes.edu.br
336	2025-11-10 19:02:20.084181+00	2025-11-10 19:02:20.084187+00	Andre Oakes De Oliveira Goncalves	andre.goncalves@ifes.edu.br
337	2025-11-10 19:02:20.084923+00	2025-11-10 19:02:20.084929+00	Ádila Motta Leite Seferin	adila@ifes.edu.br
338	2025-11-10 19:02:20.094875+00	2025-11-10 19:02:20.09488+00	Leandro Melo De Sa	leandro.melo@ifes.edu.br
339	2025-11-10 19:02:20.095471+00	2025-11-10 19:02:20.095476+00	Rosilene De Sa Ribeiro	rosilene@ifes.edu.br
340	2025-11-10 19:02:20.097609+00	2025-11-10 19:02:20.097615+00	Filicio Mulinari E Silva	filicio@gmail.com
341	2025-11-10 19:02:20.105702+00	2025-11-10 19:02:20.105708+00	Richard Junior Manuel Godinez Tello	richard@ifes.edu.br
342	2025-11-10 19:02:20.106296+00	2025-11-10 19:02:20.106301+00	Marta Talitha Carvalho Freire Mendes	martatcfa@gmail.com
343	2025-11-10 19:02:20.115685+00	2025-11-10 19:02:20.115691+00	Flávio Garcia Pereira	flavio.garcia@ifes.edu.br
344	2025-11-10 19:02:20.116321+00	2025-11-10 19:02:20.116326+00	Wagner Teixeira Da Costa	wagnercosta@ifes.edu.br
345	2025-11-10 19:02:20.126102+00	2025-11-10 19:02:20.126108+00	Jefferson O. Andrade	jefferson.andrade@ifes.edu.br
346	2025-11-10 19:02:20.126717+00	2025-11-10 19:02:20.126722+00	Karin Satie Komati	profkarin@gmail.com
347	2025-11-10 19:02:20.142356+00	2025-11-10 19:02:20.142361+00	Renato Pereira Aurélio	renato.aurelio@ifes.edu.br
348	2025-11-10 19:02:20.14299+00	2025-11-10 19:02:20.142995+00	Patrick Ribeiro Do Val	patrick.val@ifes.edu.br
349	2025-11-10 19:02:20.152444+00	2025-11-10 19:02:20.152449+00	Cintia Tavares Do Carmo	cintiata@ifes.edu.br
350	2025-11-10 19:02:20.159386+00	2025-11-10 19:02:20.159391+00	Glaudertone Andrade De Barcellos	glaudertone@ifes.edu.br
351	2025-11-10 19:02:20.174937+00	2025-11-10 19:02:20.174942+00	Silvio Jose Trindade Alvim	salvim@ifes.edu.br
352	2025-11-10 19:02:20.182055+00	2025-11-10 19:02:20.182061+00	Daniela Bertolini Depizzol	danieladepizzol@gmail.com
353	2025-11-10 19:02:20.188921+00	2025-11-10 19:02:20.188926+00	Adelson Pereira Do Nascimento	adelsonpn@ifes.edu.br
354	2025-11-10 19:02:20.195766+00	2025-11-10 19:02:20.195771+00	Fernanda Aparecida Veronez	fveronez@ifes.edu.br
355	2025-11-10 19:02:20.196385+00	2025-11-10 19:02:20.19639+00	Dejanyne Paiva Zamprogno Bianchi	dejanyne@ifes.edu.br
356	2025-11-10 19:02:20.205805+00	2025-11-10 19:02:20.20581+00	Cristiano Luiz Silva Tavares	cristianot@ifes.edu.br
357	2025-11-10 19:02:20.206423+00	2025-11-10 19:02:20.206428+00	Tiago Zanotelli	tiagoz@ifes.edu.br
358	2025-11-10 19:02:20.216033+00	2025-11-10 19:02:20.216038+00	Nelson Martinelli Filho	nelson.martinelli@ifes.edu.br
359	2025-11-10 19:02:20.219408+00	2025-11-10 19:02:20.219413+00	Jose Roberto De Oliveira	jroberto@ifes.edu.br
360	2025-11-10 19:02:20.220034+00	2025-11-10 19:02:20.220039+00	Felipe Fardin Grillo	felipe.grillo@ifes.edu.br
361	2025-11-10 19:02:20.229238+00	2025-11-10 19:02:20.229243+00	Waylson Zancanella Quartezani	waylson.quartezani@ifes.edu.br
362	2025-11-10 19:02:20.229873+00	2025-11-10 19:02:20.229878+00	Talita Aparecida Pletsch	talitapletsch@gmail.com
363	2025-11-10 19:02:20.245782+00	2025-11-10 19:02:20.245787+00	Arnaldo Henrique De Oliveira Carvalho	acarvalho@ifes.edu.br
364	2025-11-10 19:02:20.253487+00	2025-11-10 19:02:20.253492+00	Adriano Mesquita Oliveira	adriano.oliveira@ifes.edu.br
365	2025-11-10 19:02:20.261128+00	2025-11-10 19:02:20.261133+00	Vinicius Lordes Dias	viniciuslordes@ifes.edu.br
366	2025-11-10 19:02:20.268897+00	2025-11-10 19:02:20.268903+00	Helia Marcia Silva Mathias	helia@ifes.edu.br
367	2025-11-10 19:02:20.271203+00	2025-11-10 19:02:20.271208+00	Fabricio Borelli	fabricioborelli@gmail.com
368	2025-11-10 19:02:20.273369+00	2025-11-10 19:02:20.273375+00	Rodrigo Fiorotti	rodrigo.fiorotti@ifes.edu.br
369	2025-11-10 19:02:20.283221+00	2025-11-10 19:02:20.283227+00	Carla Therezinha Dalvi Borjaille Alledi	borjaille@ifes.edu.br
370	2025-11-10 19:02:20.283854+00	2025-11-10 19:02:20.283859+00	Gercyr Baptista Junior	gercyr@ifes.edu.br
371	2025-11-10 19:02:20.286588+00	2025-11-10 19:02:20.286594+00	Danielli Veiga Carneiro Sondermann	danielli@ifes.edu.br
372	2025-11-10 19:02:20.290217+00	2025-11-10 19:02:20.290223+00	Mariangela Dutra De Oliveira	mariangeladutra@ifes.edu.br
373	2025-11-10 19:02:20.290772+00	2025-11-10 19:02:20.290777+00	Mauricio Sartori	msartori@ifes.edu.br
374	2025-11-10 19:02:20.301081+00	2025-11-10 19:02:20.301088+00	Maria Geralda Oliver Rosa	mariageraldaoliver@gmail.com
375	2025-11-10 19:02:20.312234+00	2025-11-10 19:02:20.312245+00	Poliana Daré Zampirolli Pires	poliana.pires@ifes.edu.br
376	2025-11-10 19:02:20.31306+00	2025-11-10 19:02:20.313067+00	Renata Gomes De Jesus	renata@ifes.edu.br
377	2025-11-10 19:02:20.316825+00	2025-11-10 19:02:20.316835+00	Cristiane Pereira Zdradek	criszdradek@ifes.edu.br
378	2025-11-10 19:02:20.338136+00	2025-11-10 19:02:20.338155+00	Juliana Peterle Ronchi	juliana.ronchi@ifes.edu.br
379	2025-11-10 19:02:20.354024+00	2025-11-10 19:02:20.354043+00	Henrique Ferreira De Assis	henrique.assis@ifes.edu.br
380	2025-11-10 19:02:20.3594+00	2025-11-10 19:02:20.359415+00	Nilson Nunes Morais Junior	nilson.morais@ifes.edu.br
381	2025-11-10 19:02:20.360929+00	2025-11-10 19:02:20.360941+00	Luciene Lignani Bitencourt	luciene.lignani@ifes.edu.br
382	2025-11-10 19:02:20.392005+00	2025-11-10 19:02:20.392023+00	Patricia Soares Furno Fontes	patricia.fontes@ifes.edu.br
383	2025-11-10 19:02:20.407508+00	2025-11-10 19:02:20.407526+00	Everson Scherrer Borges	everson@ifes.edu.br
384	2025-11-10 19:02:20.427837+00	2025-11-10 19:02:20.427855+00	Hediberto Nei Matiello	hedibertonm@ifes.edu.br
385	2025-11-10 19:02:20.449185+00	2025-11-10 19:02:20.4492+00	Jose Claudio Valbuza	jose.valbuza@ifes.edu.br
386	2025-11-10 19:02:20.455025+00	2025-11-10 19:02:20.455043+00	Rosane Maria Muñoz	munoz.rosane@gmail.com
387	2025-11-10 19:02:20.480761+00	2025-11-10 19:02:20.480781+00	Benvindo Sirtoli Gardiman Junior	benvindo.gardiman@ifes.edu.br
388	2025-11-10 19:02:20.488244+00	2025-11-10 19:02:20.488266+00	Thalles Ramon Rosa	thalles.rosa@ifes.edu.br
389	2025-11-10 19:02:20.515463+00	2025-11-10 19:02:20.515479+00	Arlan Da Silva Goncalves	agoncalves@ifes.edu.br
390	2025-11-10 19:02:20.546275+00	2025-11-10 19:02:20.546292+00	Graziella Penha Claudino	graziella@ifes.edu.br
391	2025-11-10 19:02:20.548558+00	2025-11-10 19:02:20.548574+00	Ildomar Alves Do Nascimento	ildomar@ifes.edu.br
392	2025-11-10 19:02:20.576441+00	2025-11-10 19:02:20.576458+00	Wanderson Romão	wanderson.romao@ifes.edu.br
393	2025-11-10 19:02:20.584237+00	2025-11-10 19:02:20.584255+00	Maria José Correa De Souza	msouza@ifes.edu.br
394	2025-11-10 19:02:20.619166+00	2025-11-10 19:02:20.619186+00	Daniel José Ventorim Nunes	danielv@ifes.edu.br
395	2025-11-10 19:02:20.642766+00	2025-11-10 19:02:20.642785+00	Lucas Vago Santana	lucas@ifes.edu.br
396	2025-11-10 19:02:20.644813+00	2025-11-10 19:02:20.64483+00	Roberto Felipe Andrade Menezes	roberto.menezes@ifes.edu.br
397	2025-11-10 19:02:20.65171+00	2025-11-10 19:02:20.651728+00	Douglas Ruy Soprani Da Silveira Araújo	douglassoprani@ifes.edu.br
398	2025-11-10 19:02:20.653569+00	2025-11-10 19:02:20.653584+00	Thomaz Rodrigues Botelho	thomazrb@ifes.edu.br
399	2025-11-10 19:02:20.691244+00	2025-11-10 19:02:20.691261+00	Alberto Chambela Neto	chambela@ifes.edu.br
400	2025-11-10 19:02:20.70011+00	2025-11-10 19:02:20.700132+00	Nahun Thiaghor Lippaus Pires Gonçalves	nahun.goncalves@ifes.edu.br
401	2025-11-10 19:02:20.730202+00	2025-11-10 19:02:20.73022+00	Marlon Carlos Franca	marlon.franca@ifes.edu.br
402	2025-11-10 19:02:20.758711+00	2025-11-10 19:02:20.758725+00	Carlos Henrique Rodrigues De Oliveira	engcarloshenrique@gmail.com
403	2025-11-10 19:02:20.767136+00	2025-11-10 19:02:20.76716+00	Marcelo Lucas Pereira Machado	marcelolucas@ifes.edu.br
404	2025-11-10 19:02:20.792937+00	2025-11-10 19:02:20.792957+00	Mário Mestria	mmestria@ifes.edu.br
405	2025-11-10 19:02:20.799531+00	2025-11-10 19:02:20.799549+00	Murillo Cobe Vargas	murillo.vargas@ifes.edu.br
406	2025-11-10 19:02:20.820067+00	2025-11-10 19:02:20.820082+00	Leandro Marochio Fernandes	leandro.mfernandes@ifes.edu.br
407	2025-11-10 19:02:20.821978+00	2025-11-10 19:02:20.821993+00	Hilton Moulin Caliman	hilton.caliman@ifes.edu.br
408	2025-11-10 19:02:20.824724+00	2025-11-10 19:02:20.82474+00	Erick Bernabé Zanelato	erick.zanelato@ifes.edu.br
409	2025-11-10 19:02:20.869802+00	2025-11-10 19:02:20.869816+00	Bruno Missi Xavier	bruno.xavier@ifes.edu.br
410	2025-11-10 19:02:20.875788+00	2025-11-10 19:02:20.875805+00	Markcilei Lima Dan	dan@ifes.edu.br
411	2025-11-10 19:02:20.881996+00	2025-11-10 19:02:20.882013+00	Evandro Chaves De Oliveira	evandro.oliveira@ifes.edu.br
412	2025-11-10 19:02:20.904401+00	2025-11-10 19:02:20.904418+00	Larissa Haddad Souza Vieira	larissa.vieira@ifes.edu.br
413	2025-11-10 19:02:20.906115+00	2025-11-10 19:02:20.906128+00	Raphael Magalhães Gomes Moreira	raphael.moreira@ifes.edu.br
414	2025-11-10 19:02:20.936829+00	2025-11-10 19:02:20.936843+00	Rodrigo Varejão Andreão	rodrigova@ifes.edu.br
415	2025-11-10 19:02:20.938514+00	2025-11-10 19:02:20.938527+00	Mariana Rampinelli Fernandes	mariana.rampinelli@ifes.edu.br
416	2025-11-10 19:02:20.966493+00	2025-11-10 19:02:20.966509+00	Evanizis Dias Frizzera Castilho	evanizis@ifes.edu.br
417	2025-11-10 19:02:20.968327+00	2025-11-10 19:02:20.96834+00	Lilian Gabriella Batista Goncalves De Freitas	lilian.freitas@ifes.edu.br
418	2025-11-10 19:02:20.997272+00	2025-11-10 19:02:20.997287+00	Emanuele Catarina Da Silva Oliveira	emanuele.oliveira@ifes.edu.br
419	2025-11-10 19:02:21.002563+00	2025-11-10 19:02:21.002579+00	Ricardo De Magalhães Simões	rmagalhaess@gmail.com
420	2025-11-10 19:02:21.044453+00	2025-11-10 19:02:21.04447+00	Eliseu Romero Campelo Correia	eliseur@ifes.edu.br
421	2025-11-10 19:02:21.065522+00	2025-11-10 19:02:21.065538+00	Maycoln Depianti Conci	mdconci@hotmail.com
422	2025-11-10 19:02:21.089996+00	2025-11-10 19:02:21.090011+00	Genilson De Paiva	gdepaiva@ifes.edu.br
423	2025-11-10 19:02:21.091962+00	2025-11-10 19:02:21.091975+00	Marcos Roberto Moacir Ribeiro Pinto	marcosrmrp@gmail.com
424	2025-11-10 19:02:21.093644+00	2025-11-10 19:02:21.093657+00	Tiago Delpupo Mognhol	tiagod@ifes.edu.br
425	2025-11-10 19:02:44.204117+00	2025-11-10 19:02:44.204144+00	Moises Savedra Omena	omenam@ifes.edu.br
426	2025-11-10 19:02:44.241577+00	2025-11-10 19:02:44.241597+00	Carlos Lins Borges Azevedo	\N
427	2025-11-10 19:02:44.245738+00	2025-11-10 19:02:44.245757+00	Felipe Frechiani De Oliveira	\N
428	2025-11-10 19:02:44.24992+00	2025-11-10 19:02:44.249942+00	Paulo Sérgio Dos Santos Júnior	\N
429	2025-11-10 19:02:44.253601+00	2025-11-10 19:02:44.253622+00	Luan Otoni De Oliveira	\N
430	2025-11-10 19:02:44.25913+00	2025-11-10 19:02:44.259151+00	Victor Gabriel Brenner Dicberner	\N
431	2025-11-10 19:02:44.262821+00	2025-11-10 19:02:44.262837+00	Beatriz Auer Mariano	\N
432	2025-11-10 19:02:44.266963+00	2025-11-10 19:02:44.266985+00	Guilherme Do Carmo Souza	\N
433	2025-11-10 19:02:44.270386+00	2025-11-10 19:02:44.270405+00	Mateus Lannes Cunha	\N
434	2025-11-10 19:02:44.274254+00	2025-11-10 19:02:44.274272+00	Maressa Karen Henrique Da Silva	\N
435	2025-11-10 19:02:44.277808+00	2025-11-10 19:02:44.277823+00	Harian Adami Chagas Radaelli	\N
436	2025-11-10 19:02:44.281555+00	2025-11-10 19:02:44.281574+00	Kauã Mateus De Barros Terra	\N
437	2025-11-10 19:02:44.285299+00	2025-11-10 19:02:44.285318+00	Bruna Ramos Rocha	\N
438	2025-11-10 19:02:44.288303+00	2025-11-10 19:02:44.288319+00	Mariana Lopes De Gouvea	\N
439	2025-11-10 19:02:44.291352+00	2025-11-10 19:02:44.291373+00	Stéphany Lahass Silva	\N
440	2025-11-10 19:02:44.295021+00	2025-11-10 19:02:44.295038+00	Luísa Coutinho Pimentel Dos Santos	\N
441	2025-11-10 19:02:44.298878+00	2025-11-10 19:02:44.298895+00	Felipe Costabeber Schneider	\N
442	2025-11-10 19:02:44.302476+00	2025-11-10 19:02:44.302495+00	Gabriele Maria Modesto Luciano	\N
443	2025-11-10 19:02:44.305931+00	2025-11-10 19:02:44.305947+00	Daiane Geraldino Guerra	\N
444	2025-11-10 19:02:44.310053+00	2025-11-10 19:02:44.310071+00	João Pedro Spinassé Viana	\N
445	2025-11-10 19:02:44.313782+00	2025-11-10 19:02:44.31384+00	Samuel Ferreira Alves	\N
446	2025-11-10 19:02:44.317145+00	2025-11-10 19:02:44.317165+00	João Pedro Zamborlini Barcellos	\N
447	2025-11-10 19:02:44.359354+00	2025-11-10 19:02:44.359373+00	Mattheus Colares Gonçalves	\N
448	2025-11-10 19:02:44.362943+00	2025-11-10 19:02:44.362963+00	Giovanna Scalfoni Sales	\N
449	2025-11-10 19:02:44.395718+00	2025-11-10 19:02:44.395736+00	Marcos Ribeiro De Souza	\N
450	2025-11-10 19:02:44.398592+00	2025-11-10 19:02:44.398609+00	Eduardo Barros De Lima	\N
451	2025-11-10 19:02:44.404116+00	2025-11-10 19:02:44.404135+00	Dalvan Ribeiro De Almeida	\N
452	2025-11-10 19:02:44.407278+00	2025-11-10 19:02:44.407296+00	Bruna Rupp Ruela	\N
453	2025-11-10 19:02:44.410348+00	2025-11-10 19:02:44.410365+00	Jordana Correia Aguiar	\N
454	2025-11-10 19:02:44.413611+00	2025-11-10 19:02:44.413642+00	Maria Eduarda Da Cruz Ferreira	\N
455	2025-11-10 19:02:44.416731+00	2025-11-10 19:02:44.416747+00	Luiz Sampaio Horta	\N
456	2025-11-10 19:02:44.42165+00	2025-11-10 19:02:44.421667+00	Ernani Brandao Nascimento	\N
457	2025-11-10 19:02:44.465618+00	2025-11-10 19:02:44.465641+00	Vitor Faiçal Campana	\N
458	2025-11-10 19:02:44.471377+00	2025-11-10 19:02:44.471396+00	Francisco De Assis Boldt	\N
459	2025-11-10 19:02:44.476876+00	2025-11-10 19:02:44.476892+00	Kelly Assis De Souza	\N
460	2025-11-10 19:02:44.482341+00	2025-11-10 19:02:44.482357+00	Daniel Ribeiro Trindade	\N
461	2025-11-10 19:02:44.485214+00	2025-11-10 19:02:44.48523+00	Thiago Augusto De Carvalho	\N
462	2025-11-10 19:02:44.488179+00	2025-11-10 19:02:44.488195+00	Davi Henrique Comério	\N
463	2025-11-10 19:02:44.491408+00	2025-11-10 19:02:44.491427+00	Lucas Vieira Da Silva	\N
464	2025-11-10 19:02:44.494758+00	2025-11-10 19:02:44.494777+00	Enzo Hubner Moura De Andrade	\N
465	2025-11-10 19:02:44.498105+00	2025-11-10 19:02:44.498123+00	Miguel Malini Louvem	\N
466	2025-11-10 19:02:44.549112+00	2025-11-10 19:02:44.549119+00	Caio Cesar Oliva Coronel	\N
467	2025-11-10 19:02:44.550339+00	2025-11-10 19:02:44.550346+00	Heitor Mendes De Oliveira	\N
468	2025-11-10 19:02:44.551549+00	2025-11-10 19:02:44.551556+00	Ricardo Zorzal Davila	\N
469	2025-11-10 19:02:44.568666+00	2025-11-10 19:02:44.568672+00	Dirceu Soares Júnior	\N
470	2025-11-10 19:02:44.569566+00	2025-11-10 19:02:44.569571+00	Rogerio Passos Do Amaral Pereira	\N
471	2025-11-10 19:02:44.570468+00	2025-11-10 19:02:44.570473+00	Caio Lopes De Oliveira	\N
472	2025-11-10 19:02:44.571339+00	2025-11-10 19:02:44.571343+00	João Guilherme Lourenço De Souza	\N
473	2025-11-10 19:02:44.572232+00	2025-11-10 19:02:44.572237+00	Igor Rodrigues Cassimiro	\N
474	2025-11-10 19:02:44.573101+00	2025-11-10 19:02:44.573106+00	Amanda Frasson Nascimento Martins	\N
475	2025-11-10 19:02:44.573991+00	2025-11-10 19:02:44.573996+00	Pammela Vicenti Ribeiro	\N
476	2025-11-10 19:02:44.574853+00	2025-11-10 19:02:44.574857+00	Mateus Da Rocha Guimaraes	\N
477	2025-11-10 19:02:44.57577+00	2025-11-10 19:02:44.575775+00	Waleska Sulke Dos Santos	\N
478	2025-11-10 19:02:44.576682+00	2025-11-10 19:02:44.576687+00	David De Assis	\N
479	2025-11-10 19:02:44.577631+00	2025-11-10 19:02:44.577636+00	Diego Mendes Garcia	\N
480	2025-11-10 19:02:44.578616+00	2025-11-10 19:02:44.578622+00	Bernardo Ferri Schirmer	\N
481	2025-11-10 19:02:44.579599+00	2025-11-10 19:02:44.579604+00	Luiz Felipe Alvarenga Alves	\N
482	2025-11-10 19:02:44.580617+00	2025-11-10 19:02:44.580622+00	João Vitor Barcellos Leite Da Silva	\N
483	2025-11-10 19:02:44.581588+00	2025-11-10 19:02:44.581592+00	Gianlucas De Jesus Silva	\N
484	2025-11-10 19:02:44.582548+00	2025-11-10 19:02:44.582554+00	Rômulo Duani Da Silva	\N
485	2025-11-10 19:02:44.59632+00	2025-11-10 19:02:44.596325+00	Vitor Hugo Vervloet	\N
486	2025-11-10 19:02:44.597249+00	2025-11-10 19:02:44.597255+00	Matheus Mesquita Gomes Moura	\N
487	2025-11-10 19:02:44.598175+00	2025-11-10 19:02:44.59818+00	Vitor Albano Leal	\N
488	2025-11-10 19:02:44.610862+00	2025-11-10 19:02:44.610868+00	Remerson Victor Silva Da Assurreição	\N
489	2025-11-10 19:02:44.612633+00	2025-11-10 19:02:44.612639+00	Davi Nobel Vilela De Souza	\N
490	2025-11-10 19:02:44.613528+00	2025-11-10 19:02:44.613533+00	Robson Almeida De Souza	\N
491	2025-11-10 19:02:44.614428+00	2025-11-10 19:02:44.614433+00	Júlia Rosa Celante	\N
492	2025-11-10 19:02:44.615339+00	2025-11-10 19:02:44.615344+00	Gabriel Felix Peçanha	\N
493	2025-11-10 19:02:44.622006+00	2025-11-10 19:02:44.622011+00	Yuri Vieira Melo	\N
494	2025-11-10 19:02:44.622819+00	2025-11-10 19:02:44.622825+00	Thiago Machado De Oliveira	\N
495	2025-11-10 19:02:44.628568+00	2025-11-10 19:02:44.628573+00	Maxwell Eduardo Monteiro	maxmonte@ifes.edu.br
496	2025-11-10 19:02:44.633568+00	2025-11-10 19:02:44.633573+00	Kellen Moura Ferreira	\N
497	2025-11-10 19:02:44.634452+00	2025-11-10 19:02:44.634457+00	Emanuel Norjosa Luz	\N
498	2025-11-10 19:02:44.645205+00	2025-11-10 19:02:44.64521+00	Pablo France Salarolli	\N
499	2025-11-10 19:02:44.646941+00	2025-11-10 19:02:44.646946+00	Enzo Medeiros Agnez	\N
500	2025-11-10 19:02:44.647872+00	2025-11-10 19:02:44.647877+00	Katarina Veljovic	\N
501	2025-11-10 19:02:44.64877+00	2025-11-10 19:02:44.648775+00	Manuelly Soares Silva	\N
502	2025-11-10 19:02:44.649686+00	2025-11-10 19:02:44.649692+00	Enzo Versiani Rodrigues Lima	\N
503	2025-11-10 19:02:44.650538+00	2025-11-10 19:02:44.650542+00	Murilo Ferreira Marcelino	\N
504	2025-11-10 19:02:44.651382+00	2025-11-10 19:02:44.651388+00	João Amaro Marins	\N
505	2025-11-10 19:02:44.652285+00	2025-11-10 19:02:44.65229+00	Luiza Couceiro Costa	\N
506	2025-11-10 19:02:44.653142+00	2025-11-10 19:02:44.653147+00	Isabely Soares Marcelino	\N
507	2025-11-10 19:02:44.653993+00	2025-11-10 19:02:44.653999+00	Marcos Daniel Pereira Da Silva	\N
508	2025-11-10 19:02:44.65486+00	2025-11-10 19:02:44.654865+00	Sophia De Lima Morais	\N
509	2025-11-10 19:02:44.667621+00	2025-11-10 19:02:44.667631+00	Caio Lessa Simão	\N
510	2025-11-10 19:02:44.67751+00	2025-11-10 19:02:44.677515+00	Renner Sartorio Camargo	\N
511	2025-11-10 19:02:44.681108+00	2025-11-10 19:02:44.681113+00	João Paulo Pereira Eliotério	\N
512	2025-11-10 19:02:44.689246+00	2025-11-10 19:02:44.689251+00	Fabiano Borges Ruy	fabianoruy@ifes.edu.br
513	2025-11-10 19:02:44.693411+00	2025-11-10 19:02:44.693416+00	Victorio Albani De Carvalho	\N
514	2025-11-10 19:02:44.695912+00	2025-11-10 19:02:44.695918+00	Mayke Willans Christo Pereira	\N
515	2025-11-10 19:02:44.696972+00	2025-11-10 19:02:44.696977+00	Marcela Starling Ferreira Lage	\N
516	2025-11-10 19:02:44.697817+00	2025-11-10 19:02:44.697822+00	Sofia De Alcantara Silva	\N
517	2025-11-10 19:02:44.709765+00	2025-11-10 19:02:44.709774+00	Vinicius De Jesus Estevam	\N
518	2025-11-10 19:02:44.711362+00	2025-11-10 19:02:44.711371+00	Bruno Carvalho Caxias	\N
519	2025-11-10 19:02:44.733547+00	2025-11-10 19:02:44.73356+00	Eduardo Pompermayer Brahim	\N
520	2025-11-10 19:02:44.735693+00	2025-11-10 19:02:44.735705+00	João Paulo Gusmão Teixeira	\N
521	2025-11-10 19:02:44.737899+00	2025-11-10 19:02:44.737914+00	Lucas Silverio Gums	\N
522	2025-11-10 19:02:44.755156+00	2025-11-10 19:02:44.755172+00	Rafael Lemgruber Francischetto	\N
523	2025-11-10 19:02:44.758354+00	2025-11-10 19:02:44.758369+00	Marlyson Rodrigues Souza	\N
524	2025-11-10 19:02:44.761221+00	2025-11-10 19:02:44.761235+00	Carlos Henrique Santos Das Neves De Almeida Feu	\N
525	2025-11-10 19:02:44.790945+00	2025-11-10 19:02:44.790959+00	Maria Júlia Leopoldo Barros	\N
526	2025-11-10 19:02:44.793032+00	2025-11-10 19:02:44.793044+00	Evelyn Nobre Dos Santos	\N
527	2025-11-10 19:02:44.795464+00	2025-11-10 19:02:44.795476+00	Vitor Lopes Barbosa	\N
528	2025-11-10 19:02:44.824706+00	2025-11-10 19:02:44.82472+00	Leonardo Gonçalves Batista	\N
529	2025-11-10 19:02:44.834239+00	2025-11-10 19:02:44.834258+00	João Victor Ferreira Abrêu	\N
530	2025-11-10 19:02:44.874584+00	2025-11-10 19:02:44.874597+00	Vitoria Gomes Fagundes	\N
531	2025-11-10 19:02:44.877103+00	2025-11-10 19:02:44.877118+00	Alice Lourenço Dos Reis	\N
532	2025-11-10 19:02:44.879909+00	2025-11-10 19:02:44.879923+00	Akilanny Silva Cruz	\N
533	2025-11-10 19:02:44.882526+00	2025-11-10 19:02:44.88254+00	Arthur Candido Maria	\N
534	2025-11-10 19:02:44.885437+00	2025-11-10 19:02:44.885452+00	Ana Beatriz Lopes Borges	\N
535	2025-11-10 19:02:44.888358+00	2025-11-10 19:02:44.888376+00	Luciana David Gonçalves	\N
536	2025-11-10 19:02:44.891494+00	2025-11-10 19:02:44.891515+00	Karyna Martins Carbas	\N
537	2025-11-10 19:02:44.894284+00	2025-11-10 19:02:44.8943+00	Davi Campos Sutil	\N
538	2025-11-10 19:02:44.914191+00	2025-11-10 19:02:44.914212+00	Nicolas Nasário Ferreira	\N
539	2025-11-10 19:02:44.918531+00	2025-11-10 19:02:44.918553+00	Julia Almeida Nascimento Lopes	\N
540	2025-11-10 19:02:44.944119+00	2025-11-10 19:02:44.944133+00	Larissa Maciel Santos	\N
541	2025-11-10 19:02:44.946637+00	2025-11-10 19:02:44.946656+00	Raquel Nascimento Neres	\N
542	2025-11-10 19:02:44.990782+00	2025-11-10 19:02:44.990804+00	Gilmar Luiz Vassoler	\N
543	2025-11-10 19:02:44.997039+00	2025-11-10 19:02:44.997058+00	Eduarda Nascimento Coelho	\N
544	2025-11-10 19:02:44.999954+00	2025-11-10 19:02:44.999968+00	Ana Júlia Caetano Martins	\N
545	2025-11-10 19:02:45.032269+00	2025-11-10 19:02:45.032282+00	Thiago Meireles Paixão	\N
546	2025-11-10 19:02:45.036596+00	2025-11-10 19:02:45.036612+00	Luma Tavares Lopes De Souza	\N
547	2025-11-10 19:02:45.039111+00	2025-11-10 19:02:45.039125+00	Maria Clara Peterle De Souza	\N
548	2025-11-10 19:02:45.041552+00	2025-11-10 19:02:45.041571+00	Sérgio Daniel Camponez Leal	\N
549	2025-11-10 19:02:45.044295+00	2025-11-10 19:02:45.044312+00	Rafael Almeida Deps Caldeira	\N
550	2025-11-10 19:02:45.07297+00	2025-11-10 19:02:45.072986+00	Mateus Conrad Barcellos Da Costa	\N
551	2025-11-10 19:02:45.078235+00	2025-11-10 19:02:45.078251+00	Luiz Guilherme De Souza Zottich	\N
552	2025-11-10 19:02:45.08074+00	2025-11-10 19:02:45.080754+00	Davi Miranda Soares	\N
553	2025-11-10 19:02:45.084859+00	2025-11-10 19:02:45.084874+00	Thiago Almeida Deps Caldeira	\N
554	2025-11-10 19:02:45.087669+00	2025-11-10 19:02:45.087686+00	Gabriel Azevedo Barros Cunha Duda	\N
555	2025-11-10 19:02:45.112383+00	2025-11-10 19:02:45.112398+00	Tatiane Policário Chagas	\N
556	2025-11-10 19:02:45.118555+00	2025-11-10 19:02:45.11857+00	Ícaro Lessa Secchin	\N
557	2025-11-10 19:02:45.120889+00	2025-11-10 19:02:45.120904+00	Leticia Comissario Da Silva	\N
558	2025-11-10 19:02:45.122916+00	2025-11-10 19:02:45.122929+00	Enzo Mandelli Pinheiro Rodrigues	\N
559	2025-11-10 19:02:45.125024+00	2025-11-10 19:02:45.125036+00	Johnny Anjos Alves Pereira	\N
560	2025-11-10 19:02:45.140768+00	2025-11-10 19:02:45.140782+00	Wallas Gusmao Thomas	\N
561	2025-11-10 19:02:45.143837+00	2025-11-10 19:02:45.143854+00	Bene Regis Figueiredo	\N
562	2025-11-10 19:02:45.148227+00	2025-11-10 19:02:45.148243+00	Leandro Everton Alves Costa	\N
563	2025-11-10 19:02:45.150815+00	2025-11-10 19:02:45.150829+00	Rara Perozini Barroca	\N
564	2025-11-10 19:02:45.153635+00	2025-11-10 19:02:45.15365+00	Pedro Daniel Trigueiro Bilé	\N
565	2025-11-10 19:02:45.156244+00	2025-11-10 19:02:45.156259+00	Maria Rita Mendes Nunes	\N
566	2025-11-10 19:02:45.179084+00	2025-11-10 19:02:45.1791+00	Apoema Moreira Alves Fernandes	\N
567	2025-11-10 19:02:45.181674+00	2025-11-10 19:02:45.181691+00	Mafe Mattos	\N
568	2025-11-10 19:02:45.184445+00	2025-11-10 19:02:45.18446+00	Vinícius Da Silva Cunha	\N
569	2025-11-10 19:02:45.187899+00	2025-11-10 19:02:45.187916+00	Matheus Silva Caldas	\N
570	2025-11-10 19:02:45.213187+00	2025-11-10 19:02:45.213202+00	Yasmim Alessa Paulino Romero	\N
571	2025-11-10 19:02:45.215798+00	2025-11-10 19:02:45.215813+00	Andre Santiago Ribeiro	\N
572	2025-11-10 19:02:45.217911+00	2025-11-10 19:02:45.217924+00	Kauã Alexandre Bernardes	\N
573	2025-11-10 19:02:45.22036+00	2025-11-10 19:02:45.220374+00	Maria Eduarda Souza Silva	\N
574	2025-11-10 19:02:45.249136+00	2025-11-10 19:02:45.24915+00	Erick Miguel Barbosa Dos Santos	\N
575	2025-11-10 19:02:45.251478+00	2025-11-10 19:02:45.25149+00	João Pedro Nascimento Da Silva	\N
576	2025-11-10 19:02:45.270568+00	2025-11-10 19:02:45.270587+00	Fidelis Zanetti De Castro	fidelis@ifes.edu.br
577	2025-11-10 19:02:45.283638+00	2025-11-10 19:02:45.283651+00	Victor Dias Pirovani	\N
578	2025-11-10 19:02:45.291285+00	2025-11-10 19:02:45.291303+00	Cauã Silveira Fernandes	\N
579	2025-11-10 19:02:45.294833+00	2025-11-10 19:02:45.294853+00	Julia Borges Da Costa	\N
580	2025-11-10 19:02:45.298363+00	2025-11-10 19:02:45.29838+00	Henrique De Souza Lima	\N
581	2025-11-10 19:02:45.30454+00	2025-11-10 19:02:45.304558+00	Wilsiman Santos Evangelista Silva	\N
582	2025-11-10 19:02:45.321106+00	2025-11-10 19:02:45.321126+00	Marcos Simao Guimaraes	marcosguima@ifes.edu.br
583	2025-11-10 19:02:45.347534+00	2025-11-10 19:02:45.34755+00	Cassius Zanetti Resende	cassius@ifes.edu.br
584	2025-11-10 19:02:45.359372+00	2025-11-10 19:02:45.359388+00	Marcelo Gustavo Ezequiel Da Silva	\N
585	2025-11-10 19:02:45.362965+00	2025-11-10 19:02:45.362985+00	Marianna Stark Gardioli Rangel	\N
586	2025-11-10 19:02:45.401671+00	2025-11-10 19:02:45.401686+00	Marco Aurélio Tiago Filho	\N
587	2025-11-10 19:02:45.404611+00	2025-11-10 19:02:45.404641+00	Bruno Moreira Sampaio	\N
588	2025-11-10 19:02:45.408118+00	2025-11-10 19:02:45.408133+00	Nicolas Loose	\N
589	2025-11-10 19:02:45.431608+00	2025-11-10 19:02:45.431625+00	Faye Manski Queiroz	\N
590	2025-11-10 19:02:45.450107+00	2025-11-10 19:02:45.450124+00	Gustavo Da Silva Farias	\N
591	2025-11-10 19:02:45.48008+00	2025-11-10 19:02:45.480096+00	Julia Sagrillo Barreiros	\N
592	2025-11-10 19:02:45.483427+00	2025-11-10 19:02:45.483445+00	Allicia Rocha Dos Santos	\N
593	2025-11-10 19:02:45.486369+00	2025-11-10 19:02:45.486382+00	Amanda Balestreiro Ferreira	\N
594	2025-11-10 19:02:45.488916+00	2025-11-10 19:02:45.488928+00	João Vitor Silveira Da Silva	\N
595	2025-11-10 19:02:45.51153+00	2025-11-10 19:02:45.511545+00	Carlos Eduardo Da Silva Barbosa	\N
596	2025-11-10 19:02:45.544175+00	2025-11-10 19:02:45.544193+00	Eduardo Max Amaro Amaral	\N
597	2025-11-10 19:02:45.546724+00	2025-11-10 19:02:45.546739+00	Gabriela Prajo Beretta	\N
598	2025-11-10 19:02:45.562433+00	2025-11-10 19:02:45.562451+00	Matheus Morôni Arçari Barcellos	\N
599	2025-11-10 19:02:45.565667+00	2025-11-10 19:02:45.565682+00	André Luiz Coelho Silva	\N
600	2025-11-10 19:02:45.569087+00	2025-11-10 19:02:45.569104+00	Bruno Da Fonseca Chevitarese	\N
601	2025-11-10 19:02:45.572568+00	2025-11-10 19:02:45.572587+00	Renzo Fraga Loureiro Marinho	\N
602	2025-11-10 19:02:45.602231+00	2025-11-10 19:02:45.602251+00	Heitor Camilo Costa Santos	\N
603	2025-11-10 19:02:45.645376+00	2025-11-10 19:02:45.645394+00	Israel Magalhães Do Carmo	\N
604	2025-11-10 19:02:45.64866+00	2025-11-10 19:02:45.648675+00	Davidson Carvalho Dos Santos	\N
605	2025-11-10 19:02:45.652605+00	2025-11-10 19:02:45.652643+00	Leticia Rizato	\N
606	2025-11-10 19:02:45.656767+00	2025-11-10 19:02:45.656786+00	Nicolas Kaua Mendes Farias	\N
607	2025-11-10 19:02:45.661+00	2025-11-10 19:02:45.661018+00	Vitor De Barros Coelho	\N
608	2025-11-10 19:02:45.711658+00	2025-11-10 19:02:45.71168+00	Paulo Henrique Fernandes Zanandrea	\N
609	2025-11-10 19:02:45.715597+00	2025-11-10 19:02:45.715617+00	Guilherme Augusto De Morais Pinto	\N
610	2025-11-10 19:02:45.725279+00	2025-11-10 19:02:45.725295+00	Guilherme Prasser Zumerle	\N
611	2025-11-10 19:02:45.72778+00	2025-11-10 19:02:45.727794+00	Lannay Itauana Coelho Caldas	\N
612	2025-11-10 19:02:45.770965+00	2025-11-10 19:02:45.77098+00	Ramiro Da Conceicao Do Nascimento Junior	\N
613	2025-11-10 19:02:45.79321+00	2025-11-10 19:02:45.793229+00	Reginaldo Barbosa Nunes	\N
614	2025-11-10 19:02:45.858941+00	2025-11-10 19:02:45.858957+00	Sophia Gomes Scardua	\N
615	2025-11-10 19:02:45.861532+00	2025-11-10 19:02:45.861546+00	Sophia Serra Garcia	\N
616	2025-11-10 19:02:45.879782+00	2025-11-10 19:02:45.879809+00	Myllena Furtado Toniato	\N
617	2025-11-10 19:02:45.882337+00	2025-11-10 19:02:45.882351+00	Arthur Valentim Caldeira	\N
618	2025-11-10 19:02:45.885334+00	2025-11-10 19:02:45.885353+00	Lucas A Silva Gois	\N
619	2025-11-10 19:02:45.888379+00	2025-11-10 19:02:45.888393+00	Joaquim Estefan Vivas	\N
620	2025-11-10 19:02:45.918171+00	2025-11-10 19:02:45.918192+00	Lucas Stefanelli Vieira Stefanelli	\N
621	2025-11-10 19:02:45.922024+00	2025-11-10 19:02:45.922042+00	Rafael Bernardi Primo	\N
622	2025-11-10 19:02:45.92548+00	2025-11-10 19:02:45.925495+00	Lucca Richa Campagnoli	\N
623	2025-11-10 19:02:45.929073+00	2025-11-10 19:02:45.929094+00	Raíssa Andrade Dutra	\N
624	2025-11-10 19:02:45.936178+00	2025-11-10 19:02:45.9362+00	Sofia Alves Figueredo	\N
625	2025-11-10 19:02:45.986122+00	2025-11-10 19:02:45.986138+00	Joao Vitor Oliveira Scheidegger	\N
626	2025-11-10 19:02:45.988864+00	2025-11-10 19:02:45.988878+00	José Otávio De Souza Lessa	\N
627	2025-11-10 19:02:46.029761+00	2025-11-10 19:02:46.029786+00	Adriano Rocha Angelo Dos Santos	\N
628	2025-11-10 19:02:46.033055+00	2025-11-10 19:02:46.033071+00	Ana Beatriz Cardoso	\N
629	2025-11-10 19:02:46.035901+00	2025-11-10 19:02:46.035918+00	Pedro Mariani Coelho	\N
630	2025-11-10 19:02:46.039233+00	2025-11-10 19:02:46.039252+00	Arthur Corona Pimentel	\N
631	2025-11-10 19:02:46.073339+00	2025-11-10 19:02:46.073355+00	Fernando Cezar Leal Polito	\N
632	2025-11-10 19:02:46.080572+00	2025-11-10 19:02:46.080587+00	Victória Kallas Libardi Da Penha	\N
633	2025-11-10 19:02:46.083818+00	2025-11-10 19:02:46.083834+00	Jules Santos Campos	\N
634	2025-11-10 19:02:46.152542+00	2025-11-10 19:02:46.152559+00	João Vitor Ferreira Duque	\N
635	2025-11-10 19:02:46.158165+00	2025-11-10 19:02:46.158181+00	Renato Tannure Rotta De Almeida	\N
636	2025-11-10 19:02:46.173507+00	2025-11-10 19:02:46.173523+00	Edmilson Bermudes Rocha Junior	\N
637	2025-11-10 19:02:46.182623+00	2025-11-10 19:02:46.182655+00	Gustavo Schaider Brum Ferreira	\N
638	2025-11-10 19:02:46.188121+00	2025-11-10 19:02:46.18814+00	Keslley Will Aguiar	\N
639	2025-11-10 19:02:46.21457+00	2025-11-10 19:02:46.214582+00	Caio Mario Carletti	\N
640	2025-11-10 19:02:46.216554+00	2025-11-10 19:02:46.216565+00	Marco Antonio Andrade De Oliveira	\N
641	2025-11-10 19:02:46.218425+00	2025-11-10 19:02:46.218435+00	Julia Neiva Gomes	\N
642	2025-11-10 19:02:46.234248+00	2025-11-10 19:02:46.234255+00	Isabela Gimenes Magalhães Ribeiro	\N
643	2025-11-10 19:02:46.252211+00	2025-11-10 19:02:46.252217+00	Jeorge Terci Gasperazzo	\N
644	2025-11-10 19:02:46.253136+00	2025-11-10 19:02:46.253141+00	Amanda Ferreira De Souza	\N
645	2025-11-10 19:02:46.264533+00	2025-11-10 19:02:46.264539+00	Adilson Ribeiro Prado	\N
646	2025-11-10 19:02:46.266256+00	2025-11-10 19:02:46.266261+00	Arthur Alexandre Goulart Souza	\N
647	2025-11-10 19:02:46.267196+00	2025-11-10 19:02:46.267202+00	Bárbara Lima De Almeida Giglio	\N
648	2025-11-10 19:02:46.277408+00	2025-11-10 19:02:46.277413+00	Fabio Rodrigo Fernandes De Oliveira	\N
649	2025-11-10 19:02:46.279047+00	2025-11-10 19:02:46.279052+00	Maria Caitana Pascoal Banhos	\N
650	2025-11-10 19:02:46.289311+00	2025-11-10 19:02:46.289317+00	Nicoly Ferreira Dos Santos Pazini	\N
651	2025-11-10 19:02:46.290919+00	2025-11-10 19:02:46.290924+00	Pedro Henrique Albani Nunes	\N
652	2025-11-10 19:02:46.291846+00	2025-11-10 19:02:46.291851+00	Amanda Paiva De Souza Silveira	\N
653	2025-11-10 19:02:46.30193+00	2025-11-10 19:02:46.301936+00	Tertuliano Dos Santos Junior	\N
654	2025-11-10 19:02:46.302836+00	2025-11-10 19:02:46.302841+00	Wallace Da Costa Ferreira Dos Santos	\N
655	2025-11-10 19:02:46.315136+00	2025-11-10 19:02:46.315141+00	Pedro Renã Da Silva Moreira	\N
656	2025-11-10 19:02:46.316039+00	2025-11-10 19:02:46.316047+00	Ilanna Dos Reis Cardoso	\N
657	2025-11-10 19:02:46.316937+00	2025-11-10 19:02:46.316942+00	Gustavo Firme Fiorot	\N
658	2025-11-10 19:02:46.317862+00	2025-11-10 19:02:46.317867+00	Dafne Fernandes Piovesan	\N
659	2025-11-10 19:02:46.318734+00	2025-11-10 19:02:46.318739+00	Elton Douglas Silva	\N
660	2025-11-10 19:02:46.32482+00	2025-11-10 19:02:46.324826+00	Leonardo Aguiar Do Amaral	leonardo.amaral@ifes.edu.br
661	2025-11-10 19:02:46.330023+00	2025-11-10 19:02:46.330028+00	Arthur Fabrício Da Silva Pires De Oliveira	\N
662	2025-11-10 19:02:46.33095+00	2025-11-10 19:02:46.330955+00	Victória Da Silva Maciel	\N
663	2025-11-10 19:02:46.348898+00	2025-11-10 19:02:46.348903+00	Sérgio Nery Simões	\N
664	2025-11-10 19:02:46.353258+00	2025-11-10 19:02:46.353263+00	Douglas De Oliveira Alkimim	\N
665	2025-11-10 19:02:46.354147+00	2025-11-10 19:02:46.354152+00	Gustavo Saraiva Mariano	\N
666	2025-11-10 19:02:46.355055+00	2025-11-10 19:02:46.35506+00	João Paulo Schaffel Bremenkamp	\N
667	2025-11-10 19:02:46.36559+00	2025-11-10 19:02:46.365598+00	Valentina Sobral Endringer	\N
668	2025-11-10 19:02:46.367132+00	2025-11-10 19:02:46.367137+00	Rian Dezan Dos Santos	\N
669	2025-11-10 19:02:46.368588+00	2025-11-10 19:02:46.368594+00	Danilo Da Silva Alvarez	\N
670	2025-11-10 19:02:46.369882+00	2025-11-10 19:02:46.369888+00	Lavinia Lima Rodrigues	\N
671	2025-11-10 19:02:46.370874+00	2025-11-10 19:02:46.37088+00	Ana Clara Dalvin Del Piero	\N
672	2025-11-10 19:02:46.371854+00	2025-11-10 19:02:46.37186+00	Maria Clara De Moura E Silva Barcelos	\N
673	2025-11-10 19:02:46.424244+00	2025-11-10 19:02:46.424265+00	Marcos Paulo Kohler Caldas	marcospaulo@ifes.edu.br
674	2025-11-10 19:02:46.44444+00	2025-11-10 19:02:46.444456+00	Iago Moraes De Marchi	\N
675	2025-11-10 19:02:46.488542+00	2025-11-10 19:02:46.488561+00	Leonardo Cruz De Andrade	\N
676	2025-11-10 19:02:46.743825+00	2025-11-10 19:02:46.743846+00	Emilene  Coco Dos Santos	emilenecoco@hotmail.com
677	2025-11-10 19:02:46.78545+00	2025-11-10 19:02:46.785467+00	Arthur José Lobo Feio	\N
678	2025-11-10 19:02:47.06216+00	2025-11-10 19:02:47.062176+00	Lucas Cesar De Arruda	\N
679	2025-11-10 19:02:47.065875+00	2025-11-10 19:02:47.065891+00	Filipe Gomes De Souza Matozo	\N
\.


--
-- Data for Name: people_personemail; Type: TABLE DATA; Schema: public; Owner: postgres
--

COPY public.people_personemail (id, created_at, updated_at, email, is_primary, person_id) FROM stdin;
1	2025-11-10 19:02:44.212521+00	2025-11-10 19:02:44.212548+00	omenam@ifes.edu.br	t	425
2	2025-11-10 19:02:44.345642+00	2025-11-10 19:02:44.345666+00	profkarin@gmail.com	t	346
3	2025-11-10 19:02:44.378809+00	2025-11-10 19:02:44.378832+00	danilo.silva@ifes.edu.br	t	122
4	2025-11-10 19:02:44.565718+00	2025-11-10 19:02:44.565724+00	marcoantonio@ifes.edu.br	t	114
5	2025-11-10 19:02:44.592611+00	2025-11-10 19:02:44.592618+00	luiz.pt@ifes.edu.br	t	112
6	2025-11-10 19:02:44.607574+00	2025-11-10 19:02:44.60758+00	gmaia@ifes.edu.br	t	115
7	2025-11-10 19:02:44.61935+00	2025-11-10 19:02:44.619356+00	flaviobarcelos@ifes.edu.br	t	121
8	2025-11-10 19:02:44.629969+00	2025-11-10 19:02:44.629974+00	maxmonte@ifes.edu.br	t	495
9	2025-11-10 19:02:44.66411+00	2025-11-10 19:02:44.664116+00	daniel.cavalieri@ifes.edu.br	t	113
10	2025-11-10 19:02:44.690609+00	2025-11-10 19:02:44.690616+00	fabianoruy@ifes.edu.br	t	512
11	2025-11-10 19:02:44.70362+00	2025-11-10 19:02:44.70363+00	victorio@ifes.edu.br	t	513
12	2025-11-10 19:02:44.726317+00	2025-11-10 19:02:44.726332+00	martatcfa@gmail.com	t	342
13	2025-11-10 19:02:44.783398+00	2025-11-10 19:02:44.783416+00	maikon.scaldaferro@ifes.edu.br	t	61
14	2025-11-10 19:02:44.812206+00	2025-11-10 19:02:44.812224+00	rogeriop@ifes.edu.br	t	470
15	2025-11-10 19:02:44.905838+00	2025-11-10 19:02:44.905853+00	gabriel.zago@ifes.edu.br	t	140
16	2025-11-10 19:02:44.976202+00	2025-11-10 19:02:44.976219+00	cristina.dominicini@ifes.edu.br	t	246
17	2025-11-10 19:02:45.026388+00	2025-11-10 19:02:45.026407+00	richard@ifes.edu.br	t	341
18	2025-11-10 19:02:45.064383+00	2025-11-10 19:02:45.0644+00	hilario.oliveira@ifes.edu.br	t	284
19	2025-11-10 19:02:45.106277+00	2025-11-10 19:02:45.106296+00	rosiane.rocha@ifes.edu.br	t	139
20	2025-11-10 19:02:45.16956+00	2025-11-10 19:02:45.169583+00	thiago.paixao@ifes.edu.br	t	545
21	2025-11-10 19:02:45.201022+00	2025-11-10 19:02:45.201041+00	rosilene@ifes.edu.br	t	339
22	2025-11-10 19:02:45.275661+00	2025-11-10 19:02:45.27568+00	fidelis@ifes.edu.br	t	576
23	2025-11-10 19:02:45.326723+00	2025-11-10 19:02:45.326749+00	marcosguima@ifes.edu.br	t	582
24	2025-11-10 19:02:45.350909+00	2025-11-10 19:02:45.350926+00	cassius@ifes.edu.br	t	583
25	2025-11-10 19:02:45.632736+00	2025-11-10 19:02:45.632757+00	mbarcosta@gmail.com	t	550
26	2025-11-10 19:02:45.698558+00	2025-11-10 19:02:45.69858+00	dirceu.s@ifes.edu.br	t	469
27	2025-11-10 19:02:45.976331+00	2025-11-10 19:02:45.976353+00	leandro@ifes.edu.br	t	245
28	2025-11-10 19:02:46.018771+00	2025-11-10 19:02:46.018787+00	fboldt@gmail.com	t	458
29	2025-11-10 19:02:46.262259+00	2025-11-10 19:02:46.262264+00	flavio.garcia@ifes.edu.br	t	343
30	2025-11-10 19:02:46.326261+00	2025-11-10 19:02:46.326267+00	leonardo.amaral@ifes.edu.br	t	660
31	2025-11-10 19:02:46.33993+00	2025-11-10 19:02:46.339936+00	leandro.melo@ifes.edu.br	t	338
32	2025-11-10 19:02:46.428975+00	2025-11-10 19:02:46.428993+00	marcospaulo@ifes.edu.br	t	673
33	2025-11-10 19:02:46.478471+00	2025-11-10 19:02:46.47849+00	sergionery@gmail.com	t	663
34	2025-11-10 19:02:46.63784+00	2025-11-10 19:02:46.637859+00	amarildo.lemos@ifes.edu.br	t	265
35	2025-11-10 19:02:46.663308+00	2025-11-10 19:02:46.663324+00	carlos.azevedo@ifes.edu.br	t	426
36	2025-11-10 19:02:46.750463+00	2025-11-10 19:02:46.750484+00	emilenecoco@hotmail.com	t	676
37	2025-11-10 19:02:46.966764+00	2025-11-10 19:02:46.966783+00	rtannure@ifes.edu.br	t	635
38	2025-11-10 19:02:47.015415+00	2025-11-10 19:02:47.015436+00	jefferson.andrade@ifes.edu.br	t	345
\.


--
-- Name: auth_group_id_seq; Type: SEQUENCE SET; Schema: public; Owner: postgres
--

SELECT pg_catalog.setval('public.auth_group_id_seq', 1, false);


--
-- Name: auth_group_permissions_id_seq; Type: SEQUENCE SET; Schema: public; Owner: postgres
--

SELECT pg_catalog.setval('public.auth_group_permissions_id_seq', 1, false);


--
-- Name: auth_permission_id_seq; Type: SEQUENCE SET; Schema: public; Owner: postgres
--

SELECT pg_catalog.setval('public.auth_permission_id_seq', 64, true);


--
-- Name: auth_user_groups_id_seq; Type: SEQUENCE SET; Schema: public; Owner: postgres
--

SELECT pg_catalog.setval('public.auth_user_groups_id_seq', 1, false);


--
-- Name: auth_user_id_seq; Type: SEQUENCE SET; Schema: public; Owner: postgres
--

SELECT pg_catalog.setval('public.auth_user_id_seq', 1, true);


--
-- Name: auth_user_user_permissions_id_seq; Type: SEQUENCE SET; Schema: public; Owner: postgres
--

SELECT pg_catalog.setval('public.auth_user_user_permissions_id_seq', 1, false);


--
-- Name: django_admin_log_id_seq; Type: SEQUENCE SET; Schema: public; Owner: postgres
--

SELECT pg_catalog.setval('public.django_admin_log_id_seq', 1, false);


--
-- Name: django_content_type_id_seq; Type: SEQUENCE SET; Schema: public; Owner: postgres
--

SELECT pg_catalog.setval('public.django_content_type_id_seq', 16, true);


--
-- Name: django_migrations_id_seq; Type: SEQUENCE SET; Schema: public; Owner: postgres
--

SELECT pg_catalog.setval('public.django_migrations_id_seq', 24, true);


--
-- Name: initiatives_initiative_id_seq; Type: SEQUENCE SET; Schema: public; Owner: postgres
--

SELECT pg_catalog.setval('public.initiatives_initiative_id_seq', 84, true);


--
-- Name: initiatives_initiative_knowledge_areas_id_seq; Type: SEQUENCE SET; Schema: public; Owner: postgres
--

SELECT pg_catalog.setval('public.initiatives_initiative_knowledge_areas_id_seq', 84, true);


--
-- Name: initiatives_initiative_students_id_seq; Type: SEQUENCE SET; Schema: public; Owner: postgres
--

SELECT pg_catalog.setval('public.initiatives_initiative_students_id_seq', 255, true);


--
-- Name: initiatives_initiative_team_members_id_seq; Type: SEQUENCE SET; Schema: public; Owner: postgres
--

SELECT pg_catalog.setval('public.initiatives_initiative_team_members_id_seq', 218, true);


--
-- Name: initiatives_initiativetype_id_seq; Type: SEQUENCE SET; Schema: public; Owner: postgres
--

SELECT pg_catalog.setval('public.initiatives_initiativetype_id_seq', 1, true);


--
-- Name: organizational_group_campus_id_seq; Type: SEQUENCE SET; Schema: public; Owner: postgres
--

SELECT pg_catalog.setval('public.organizational_group_campus_id_seq', 24, true);


--
-- Name: organizational_group_knowledgearea_id_seq; Type: SEQUENCE SET; Schema: public; Owner: postgres
--

SELECT pg_catalog.setval('public.organizational_group_knowledgearea_id_seq', 54, true);


--
-- Name: organizational_group_organization_id_seq; Type: SEQUENCE SET; Schema: public; Owner: postgres
--

SELECT pg_catalog.setval('public.organizational_group_organization_id_seq', 29, true);


--
-- Name: organizational_group_organizationaltype_id_seq; Type: SEQUENCE SET; Schema: public; Owner: postgres
--

SELECT pg_catalog.setval('public.organizational_group_organizationaltype_id_seq', 1, true);


--
-- Name: organizational_group_organizationalunit_id_seq; Type: SEQUENCE SET; Schema: public; Owner: postgres
--

SELECT pg_catalog.setval('public.organizational_group_organizationalunit_id_seq', 219, true);


--
-- Name: organizational_group_organizationalunit_initiatives_id_seq; Type: SEQUENCE SET; Schema: public; Owner: postgres
--

SELECT pg_catalog.setval('public.organizational_group_organizationalunit_initiatives_id_seq', 65, true);


--
-- Name: organizational_group_organizationalunit_knowledge_areas_id_seq; Type: SEQUENCE SET; Schema: public; Owner: postgres
--

SELECT pg_catalog.setval('public.organizational_group_organizationalunit_knowledge_areas_id_seq', 22, true);


--
-- Name: organizational_group_organizationalunit_members_id_seq; Type: SEQUENCE SET; Schema: public; Owner: postgres
--

SELECT pg_catalog.setval('public.organizational_group_organizationalunit_members_id_seq', 1, false);


--
-- Name: organizational_group_organizationalunitleadership_id_seq; Type: SEQUENCE SET; Schema: public; Owner: postgres
--

SELECT pg_catalog.setval('public.organizational_group_organizationalunitleadership_id_seq', 332, true);


--
-- Name: people_person_id_seq; Type: SEQUENCE SET; Schema: public; Owner: postgres
--

SELECT pg_catalog.setval('public.people_person_id_seq', 679, true);


--
-- Name: people_personemail_id_seq; Type: SEQUENCE SET; Schema: public; Owner: postgres
--

SELECT pg_catalog.setval('public.people_personemail_id_seq', 38, true);


--
-- Name: auth_group auth_group_name_key; Type: CONSTRAINT; Schema: public; Owner: postgres
--

ALTER TABLE ONLY public.auth_group
    ADD CONSTRAINT auth_group_name_key UNIQUE (name);


--
-- Name: auth_group_permissions auth_group_permissions_group_id_permission_id_0cd325b0_uniq; Type: CONSTRAINT; Schema: public; Owner: postgres
--

ALTER TABLE ONLY public.auth_group_permissions
    ADD CONSTRAINT auth_group_permissions_group_id_permission_id_0cd325b0_uniq UNIQUE (group_id, permission_id);


--
-- Name: auth_group_permissions auth_group_permissions_pkey; Type: CONSTRAINT; Schema: public; Owner: postgres
--

ALTER TABLE ONLY public.auth_group_permissions
    ADD CONSTRAINT auth_group_permissions_pkey PRIMARY KEY (id);


--
-- Name: auth_group auth_group_pkey; Type: CONSTRAINT; Schema: public; Owner: postgres
--

ALTER TABLE ONLY public.auth_group
    ADD CONSTRAINT auth_group_pkey PRIMARY KEY (id);


--
-- Name: auth_permission auth_permission_content_type_id_codename_01ab375a_uniq; Type: CONSTRAINT; Schema: public; Owner: postgres
--

ALTER TABLE ONLY public.auth_permission
    ADD CONSTRAINT auth_permission_content_type_id_codename_01ab375a_uniq UNIQUE (content_type_id, codename);


--
-- Name: auth_permission auth_permission_pkey; Type: CONSTRAINT; Schema: public; Owner: postgres
--

ALTER TABLE ONLY public.auth_permission
    ADD CONSTRAINT auth_permission_pkey PRIMARY KEY (id);


--
-- Name: auth_user_groups auth_user_groups_pkey; Type: CONSTRAINT; Schema: public; Owner: postgres
--

ALTER TABLE ONLY public.auth_user_groups
    ADD CONSTRAINT auth_user_groups_pkey PRIMARY KEY (id);


--
-- Name: auth_user_groups auth_user_groups_user_id_group_id_94350c0c_uniq; Type: CONSTRAINT; Schema: public; Owner: postgres
--

ALTER TABLE ONLY public.auth_user_groups
    ADD CONSTRAINT auth_user_groups_user_id_group_id_94350c0c_uniq UNIQUE (user_id, group_id);


--
-- Name: auth_user auth_user_pkey; Type: CONSTRAINT; Schema: public; Owner: postgres
--

ALTER TABLE ONLY public.auth_user
    ADD CONSTRAINT auth_user_pkey PRIMARY KEY (id);


--
-- Name: auth_user_user_permissions auth_user_user_permissions_pkey; Type: CONSTRAINT; Schema: public; Owner: postgres
--

ALTER TABLE ONLY public.auth_user_user_permissions
    ADD CONSTRAINT auth_user_user_permissions_pkey PRIMARY KEY (id);


--
-- Name: auth_user_user_permissions auth_user_user_permissions_user_id_permission_id_14a6b632_uniq; Type: CONSTRAINT; Schema: public; Owner: postgres
--

ALTER TABLE ONLY public.auth_user_user_permissions
    ADD CONSTRAINT auth_user_user_permissions_user_id_permission_id_14a6b632_uniq UNIQUE (user_id, permission_id);


--
-- Name: auth_user auth_user_username_key; Type: CONSTRAINT; Schema: public; Owner: postgres
--

ALTER TABLE ONLY public.auth_user
    ADD CONSTRAINT auth_user_username_key UNIQUE (username);


--
-- Name: django_admin_log django_admin_log_pkey; Type: CONSTRAINT; Schema: public; Owner: postgres
--

ALTER TABLE ONLY public.django_admin_log
    ADD CONSTRAINT django_admin_log_pkey PRIMARY KEY (id);


--
-- Name: django_content_type django_content_type_app_label_model_76bd3d3b_uniq; Type: CONSTRAINT; Schema: public; Owner: postgres
--

ALTER TABLE ONLY public.django_content_type
    ADD CONSTRAINT django_content_type_app_label_model_76bd3d3b_uniq UNIQUE (app_label, model);


--
-- Name: django_content_type django_content_type_pkey; Type: CONSTRAINT; Schema: public; Owner: postgres
--

ALTER TABLE ONLY public.django_content_type
    ADD CONSTRAINT django_content_type_pkey PRIMARY KEY (id);


--
-- Name: django_migrations django_migrations_pkey; Type: CONSTRAINT; Schema: public; Owner: postgres
--

ALTER TABLE ONLY public.django_migrations
    ADD CONSTRAINT django_migrations_pkey PRIMARY KEY (id);


--
-- Name: django_session django_session_pkey; Type: CONSTRAINT; Schema: public; Owner: postgres
--

ALTER TABLE ONLY public.django_session
    ADD CONSTRAINT django_session_pkey PRIMARY KEY (session_key);


--
-- Name: initiatives_initiative_knowledge_areas initiatives_initiative_k_initiative_id_knowledgea_c8a2da3d_uniq; Type: CONSTRAINT; Schema: public; Owner: postgres
--

ALTER TABLE ONLY public.initiatives_initiative_knowledge_areas
    ADD CONSTRAINT initiatives_initiative_k_initiative_id_knowledgea_c8a2da3d_uniq UNIQUE (initiative_id, knowledgearea_id);


--
-- Name: initiatives_initiative_knowledge_areas initiatives_initiative_knowledge_areas_pkey; Type: CONSTRAINT; Schema: public; Owner: postgres
--

ALTER TABLE ONLY public.initiatives_initiative_knowledge_areas
    ADD CONSTRAINT initiatives_initiative_knowledge_areas_pkey PRIMARY KEY (id);


--
-- Name: initiatives_initiative initiatives_initiative_pkey; Type: CONSTRAINT; Schema: public; Owner: postgres
--

ALTER TABLE ONLY public.initiatives_initiative
    ADD CONSTRAINT initiatives_initiative_pkey PRIMARY KEY (id);


--
-- Name: initiatives_initiative_students initiatives_initiative_s_initiative_id_person_id_cf7ded8f_uniq; Type: CONSTRAINT; Schema: public; Owner: postgres
--

ALTER TABLE ONLY public.initiatives_initiative_students
    ADD CONSTRAINT initiatives_initiative_s_initiative_id_person_id_cf7ded8f_uniq UNIQUE (initiative_id, person_id);


--
-- Name: initiatives_initiative_students initiatives_initiative_students_pkey; Type: CONSTRAINT; Schema: public; Owner: postgres
--

ALTER TABLE ONLY public.initiatives_initiative_students
    ADD CONSTRAINT initiatives_initiative_students_pkey PRIMARY KEY (id);


--
-- Name: initiatives_initiative_team_members initiatives_initiative_t_initiative_id_person_id_0f04e1ce_uniq; Type: CONSTRAINT; Schema: public; Owner: postgres
--

ALTER TABLE ONLY public.initiatives_initiative_team_members
    ADD CONSTRAINT initiatives_initiative_t_initiative_id_person_id_0f04e1ce_uniq UNIQUE (initiative_id, person_id);


--
-- Name: initiatives_initiative_team_members initiatives_initiative_team_members_pkey; Type: CONSTRAINT; Schema: public; Owner: postgres
--

ALTER TABLE ONLY public.initiatives_initiative_team_members
    ADD CONSTRAINT initiatives_initiative_team_members_pkey PRIMARY KEY (id);


--
-- Name: initiatives_initiativetype initiatives_initiativetype_code_key; Type: CONSTRAINT; Schema: public; Owner: postgres
--

ALTER TABLE ONLY public.initiatives_initiativetype
    ADD CONSTRAINT initiatives_initiativetype_code_key UNIQUE (code);


--
-- Name: initiatives_initiativetype initiatives_initiativetype_name_key; Type: CONSTRAINT; Schema: public; Owner: postgres
--

ALTER TABLE ONLY public.initiatives_initiativetype
    ADD CONSTRAINT initiatives_initiativetype_name_key UNIQUE (name);


--
-- Name: initiatives_initiativetype initiatives_initiativetype_pkey; Type: CONSTRAINT; Schema: public; Owner: postgres
--

ALTER TABLE ONLY public.initiatives_initiativetype
    ADD CONSTRAINT initiatives_initiativetype_pkey PRIMARY KEY (id);


--
-- Name: organizational_group_campus organizational_group_campus_code_key; Type: CONSTRAINT; Schema: public; Owner: postgres
--

ALTER TABLE ONLY public.organizational_group_campus
    ADD CONSTRAINT organizational_group_campus_code_key UNIQUE (code);


--
-- Name: organizational_group_campus organizational_group_campus_pkey; Type: CONSTRAINT; Schema: public; Owner: postgres
--

ALTER TABLE ONLY public.organizational_group_campus
    ADD CONSTRAINT organizational_group_campus_pkey PRIMARY KEY (id);


--
-- Name: organizational_group_knowledgearea organizational_group_knowledgearea_pkey; Type: CONSTRAINT; Schema: public; Owner: postgres
--

ALTER TABLE ONLY public.organizational_group_knowledgearea
    ADD CONSTRAINT organizational_group_knowledgearea_pkey PRIMARY KEY (id);


--
-- Name: organizational_group_organizationalunit_initiatives organizational_group_org_organizationalunit_id_in_9df63855_uniq; Type: CONSTRAINT; Schema: public; Owner: postgres
--

ALTER TABLE ONLY public.organizational_group_organizationalunit_initiatives
    ADD CONSTRAINT organizational_group_org_organizationalunit_id_in_9df63855_uniq UNIQUE (organizationalunit_id, initiative_id);


--
-- Name: organizational_group_organizationalunit_knowledge_areas organizational_group_org_organizationalunit_id_kn_26732b94_uniq; Type: CONSTRAINT; Schema: public; Owner: postgres
--

ALTER TABLE ONLY public.organizational_group_organizationalunit_knowledge_areas
    ADD CONSTRAINT organizational_group_org_organizationalunit_id_kn_26732b94_uniq UNIQUE (organizationalunit_id, knowledgearea_id);


--
-- Name: organizational_group_organizationalunit_members organizational_group_org_organizationalunit_id_pe_76ff06f4_uniq; Type: CONSTRAINT; Schema: public; Owner: postgres
--

ALTER TABLE ONLY public.organizational_group_organizationalunit_members
    ADD CONSTRAINT organizational_group_org_organizationalunit_id_pe_76ff06f4_uniq UNIQUE (organizationalunit_id, person_id);


--
-- Name: organizational_group_organization organizational_group_organization_name_key; Type: CONSTRAINT; Schema: public; Owner: postgres
--

ALTER TABLE ONLY public.organizational_group_organization
    ADD CONSTRAINT organizational_group_organization_name_key UNIQUE (name);


--
-- Name: organizational_group_organization organizational_group_organization_pkey; Type: CONSTRAINT; Schema: public; Owner: postgres
--

ALTER TABLE ONLY public.organizational_group_organization
    ADD CONSTRAINT organizational_group_organization_pkey PRIMARY KEY (id);


--
-- Name: organizational_group_organizationaltype organizational_group_organizationaltype_code_key; Type: CONSTRAINT; Schema: public; Owner: postgres
--

ALTER TABLE ONLY public.organizational_group_organizationaltype
    ADD CONSTRAINT organizational_group_organizationaltype_code_key UNIQUE (code);


--
-- Name: organizational_group_organizationaltype organizational_group_organizationaltype_name_key; Type: CONSTRAINT; Schema: public; Owner: postgres
--

ALTER TABLE ONLY public.organizational_group_organizationaltype
    ADD CONSTRAINT organizational_group_organizationaltype_name_key UNIQUE (name);


--
-- Name: organizational_group_organizationaltype organizational_group_organizationaltype_pkey; Type: CONSTRAINT; Schema: public; Owner: postgres
--

ALTER TABLE ONLY public.organizational_group_organizationaltype
    ADD CONSTRAINT organizational_group_organizationaltype_pkey PRIMARY KEY (id);


--
-- Name: organizational_group_organizationalunit_initiatives organizational_group_organizationalunit_initiatives_pkey; Type: CONSTRAINT; Schema: public; Owner: postgres
--

ALTER TABLE ONLY public.organizational_group_organizationalunit_initiatives
    ADD CONSTRAINT organizational_group_organizationalunit_initiatives_pkey PRIMARY KEY (id);


--
-- Name: organizational_group_organizationalunit_knowledge_areas organizational_group_organizationalunit_knowledge_areas_pkey; Type: CONSTRAINT; Schema: public; Owner: postgres
--

ALTER TABLE ONLY public.organizational_group_organizationalunit_knowledge_areas
    ADD CONSTRAINT organizational_group_organizationalunit_knowledge_areas_pkey PRIMARY KEY (id);


--
-- Name: organizational_group_organizationalunit_members organizational_group_organizationalunit_members_pkey; Type: CONSTRAINT; Schema: public; Owner: postgres
--

ALTER TABLE ONLY public.organizational_group_organizationalunit_members
    ADD CONSTRAINT organizational_group_organizationalunit_members_pkey PRIMARY KEY (id);


--
-- Name: organizational_group_organizationalunit organizational_group_organizationalunit_pkey; Type: CONSTRAINT; Schema: public; Owner: postgres
--

ALTER TABLE ONLY public.organizational_group_organizationalunit
    ADD CONSTRAINT organizational_group_organizationalunit_pkey PRIMARY KEY (id);


--
-- Name: organizational_group_organizationalunitleadership organizational_group_organizationalunitleadership_pkey; Type: CONSTRAINT; Schema: public; Owner: postgres
--

ALTER TABLE ONLY public.organizational_group_organizationalunitleadership
    ADD CONSTRAINT organizational_group_organizationalunitleadership_pkey PRIMARY KEY (id);


--
-- Name: people_person people_person_pkey; Type: CONSTRAINT; Schema: public; Owner: postgres
--

ALTER TABLE ONLY public.people_person
    ADD CONSTRAINT people_person_pkey PRIMARY KEY (id);


--
-- Name: people_personemail people_personemail_email_key; Type: CONSTRAINT; Schema: public; Owner: postgres
--

ALTER TABLE ONLY public.people_personemail
    ADD CONSTRAINT people_personemail_email_key UNIQUE (email);


--
-- Name: people_personemail people_personemail_pkey; Type: CONSTRAINT; Schema: public; Owner: postgres
--

ALTER TABLE ONLY public.people_personemail
    ADD CONSTRAINT people_personemail_pkey PRIMARY KEY (id);


--
-- Name: people_personemail unique_person_email; Type: CONSTRAINT; Schema: public; Owner: postgres
--

ALTER TABLE ONLY public.people_personemail
    ADD CONSTRAINT unique_person_email UNIQUE (person_id, email);


--
-- Name: organizational_group_organizationalunit unique_short_name_organization; Type: CONSTRAINT; Schema: public; Owner: postgres
--

ALTER TABLE ONLY public.organizational_group_organizationalunit
    ADD CONSTRAINT unique_short_name_organization UNIQUE (short_name, organization_id);


--
-- Name: organizational_group_organizationalunitleadership unique_unit_person_start_date; Type: CONSTRAINT; Schema: public; Owner: postgres
--

ALTER TABLE ONLY public.organizational_group_organizationalunitleadership
    ADD CONSTRAINT unique_unit_person_start_date UNIQUE (unit_id, person_id, start_date);


--
-- Name: auth_group_name_a6ea08ec_like; Type: INDEX; Schema: public; Owner: postgres
--

CREATE INDEX auth_group_name_a6ea08ec_like ON public.auth_group USING btree (name varchar_pattern_ops);


--
-- Name: auth_group_permissions_group_id_b120cbf9; Type: INDEX; Schema: public; Owner: postgres
--

CREATE INDEX auth_group_permissions_group_id_b120cbf9 ON public.auth_group_permissions USING btree (group_id);


--
-- Name: auth_group_permissions_permission_id_84c5c92e; Type: INDEX; Schema: public; Owner: postgres
--

CREATE INDEX auth_group_permissions_permission_id_84c5c92e ON public.auth_group_permissions USING btree (permission_id);


--
-- Name: auth_permission_content_type_id_2f476e4b; Type: INDEX; Schema: public; Owner: postgres
--

CREATE INDEX auth_permission_content_type_id_2f476e4b ON public.auth_permission USING btree (content_type_id);


--
-- Name: auth_user_groups_group_id_97559544; Type: INDEX; Schema: public; Owner: postgres
--

CREATE INDEX auth_user_groups_group_id_97559544 ON public.auth_user_groups USING btree (group_id);


--
-- Name: auth_user_groups_user_id_6a12ed8b; Type: INDEX; Schema: public; Owner: postgres
--

CREATE INDEX auth_user_groups_user_id_6a12ed8b ON public.auth_user_groups USING btree (user_id);


--
-- Name: auth_user_user_permissions_permission_id_1fbb5f2c; Type: INDEX; Schema: public; Owner: postgres
--

CREATE INDEX auth_user_user_permissions_permission_id_1fbb5f2c ON public.auth_user_user_permissions USING btree (permission_id);


--
-- Name: auth_user_user_permissions_user_id_a95ead1b; Type: INDEX; Schema: public; Owner: postgres
--

CREATE INDEX auth_user_user_permissions_user_id_a95ead1b ON public.auth_user_user_permissions USING btree (user_id);


--
-- Name: auth_user_username_6821ab7c_like; Type: INDEX; Schema: public; Owner: postgres
--

CREATE INDEX auth_user_username_6821ab7c_like ON public.auth_user USING btree (username varchar_pattern_ops);


--
-- Name: django_admin_log_content_type_id_c4bce8eb; Type: INDEX; Schema: public; Owner: postgres
--

CREATE INDEX django_admin_log_content_type_id_c4bce8eb ON public.django_admin_log USING btree (content_type_id);


--
-- Name: django_admin_log_user_id_c564eba6; Type: INDEX; Schema: public; Owner: postgres
--

CREATE INDEX django_admin_log_user_id_c564eba6 ON public.django_admin_log USING btree (user_id);


--
-- Name: django_session_expire_date_a5c62663; Type: INDEX; Schema: public; Owner: postgres
--

CREATE INDEX django_session_expire_date_a5c62663 ON public.django_session USING btree (expire_date);


--
-- Name: django_session_session_key_c0390e0f_like; Type: INDEX; Schema: public; Owner: postgres
--

CREATE INDEX django_session_session_key_c0390e0f_like ON public.django_session USING btree (session_key varchar_pattern_ops);


--
-- Name: initiatives_code_4ff6b6_idx; Type: INDEX; Schema: public; Owner: postgres
--

CREATE INDEX initiatives_code_4ff6b6_idx ON public.initiatives_initiativetype USING btree (code);


--
-- Name: initiatives_coordin_8a622e_idx; Type: INDEX; Schema: public; Owner: postgres
--

CREATE INDEX initiatives_coordin_8a622e_idx ON public.initiatives_initiative USING btree (coordinator_id);


--
-- Name: initiatives_initiative_coordinator_id_0c376480; Type: INDEX; Schema: public; Owner: postgres
--

CREATE INDEX initiatives_initiative_coordinator_id_0c376480 ON public.initiatives_initiative USING btree (coordinator_id);


--
-- Name: initiatives_initiative_demanding_partner_id_2c50225b; Type: INDEX; Schema: public; Owner: postgres
--

CREATE INDEX initiatives_initiative_demanding_partner_id_2c50225b ON public.initiatives_initiative USING btree (demanding_partner_id);


--
-- Name: initiatives_initiative_kno_knowledgearea_id_165c5d4c; Type: INDEX; Schema: public; Owner: postgres
--

CREATE INDEX initiatives_initiative_kno_knowledgearea_id_165c5d4c ON public.initiatives_initiative_knowledge_areas USING btree (knowledgearea_id);


--
-- Name: initiatives_initiative_knowledge_areas_initiative_id_66091bf5; Type: INDEX; Schema: public; Owner: postgres
--

CREATE INDEX initiatives_initiative_knowledge_areas_initiative_id_66091bf5 ON public.initiatives_initiative_knowledge_areas USING btree (initiative_id);


--
-- Name: initiatives_initiative_parent_id_e4b84ad0; Type: INDEX; Schema: public; Owner: postgres
--

CREATE INDEX initiatives_initiative_parent_id_e4b84ad0 ON public.initiatives_initiative USING btree (parent_id);


--
-- Name: initiatives_initiative_students_initiative_id_c8d68b2a; Type: INDEX; Schema: public; Owner: postgres
--

CREATE INDEX initiatives_initiative_students_initiative_id_c8d68b2a ON public.initiatives_initiative_students USING btree (initiative_id);


--
-- Name: initiatives_initiative_students_person_id_eaa56db1; Type: INDEX; Schema: public; Owner: postgres
--

CREATE INDEX initiatives_initiative_students_person_id_eaa56db1 ON public.initiatives_initiative_students USING btree (person_id);


--
-- Name: initiatives_initiative_team_members_initiative_id_acd44818; Type: INDEX; Schema: public; Owner: postgres
--

CREATE INDEX initiatives_initiative_team_members_initiative_id_acd44818 ON public.initiatives_initiative_team_members USING btree (initiative_id);


--
-- Name: initiatives_initiative_team_members_person_id_5525885b; Type: INDEX; Schema: public; Owner: postgres
--

CREATE INDEX initiatives_initiative_team_members_person_id_5525885b ON public.initiatives_initiative_team_members USING btree (person_id);


--
-- Name: initiatives_initiative_type_id_401687ae; Type: INDEX; Schema: public; Owner: postgres
--

CREATE INDEX initiatives_initiative_type_id_401687ae ON public.initiatives_initiative USING btree (type_id);


--
-- Name: initiatives_initiativetype_code_0d852f4d_like; Type: INDEX; Schema: public; Owner: postgres
--

CREATE INDEX initiatives_initiativetype_code_0d852f4d_like ON public.initiatives_initiativetype USING btree (code varchar_pattern_ops);


--
-- Name: initiatives_initiativetype_name_cbdf4e6b_like; Type: INDEX; Schema: public; Owner: postgres
--

CREATE INDEX initiatives_initiativetype_name_cbdf4e6b_like ON public.initiatives_initiativetype USING btree (name varchar_pattern_ops);


--
-- Name: initiatives_is_acti_264329_idx; Type: INDEX; Schema: public; Owner: postgres
--

CREATE INDEX initiatives_is_acti_264329_idx ON public.initiatives_initiativetype USING btree (is_active);


--
-- Name: initiatives_name_f7e9f9_idx; Type: INDEX; Schema: public; Owner: postgres
--

CREATE INDEX initiatives_name_f7e9f9_idx ON public.initiatives_initiative USING btree (name);


--
-- Name: initiatives_parent__7769a6_idx; Type: INDEX; Schema: public; Owner: postgres
--

CREATE INDEX initiatives_parent__7769a6_idx ON public.initiatives_initiative USING btree (parent_id);


--
-- Name: initiatives_start_d_5ae328_idx; Type: INDEX; Schema: public; Owner: postgres
--

CREATE INDEX initiatives_start_d_5ae328_idx ON public.initiatives_initiative USING btree (start_date);


--
-- Name: initiatives_type_id_04aae8_idx; Type: INDEX; Schema: public; Owner: postgres
--

CREATE INDEX initiatives_type_id_04aae8_idx ON public.initiatives_initiative USING btree (type_id);


--
-- Name: organizatio_code_3f2852_idx; Type: INDEX; Schema: public; Owner: postgres
--

CREATE INDEX organizatio_code_3f2852_idx ON public.organizational_group_organizationaltype USING btree (code);


--
-- Name: organizatio_code_51e82f_idx; Type: INDEX; Schema: public; Owner: postgres
--

CREATE INDEX organizatio_code_51e82f_idx ON public.organizational_group_campus USING btree (code);


--
-- Name: organizatio_name_58f599_idx; Type: INDEX; Schema: public; Owner: postgres
--

CREATE INDEX organizatio_name_58f599_idx ON public.organizational_group_organization USING btree (name);


--
-- Name: organizatio_name_a0d926_idx; Type: INDEX; Schema: public; Owner: postgres
--

CREATE INDEX organizatio_name_a0d926_idx ON public.organizational_group_organizationalunit USING btree (name);


--
-- Name: organizatio_name_c8c06b_idx; Type: INDEX; Schema: public; Owner: postgres
--

CREATE INDEX organizatio_name_c8c06b_idx ON public.organizational_group_knowledgearea USING btree (name);


--
-- Name: organizatio_name_fb6bce_idx; Type: INDEX; Schema: public; Owner: postgres
--

CREATE INDEX organizatio_name_fb6bce_idx ON public.organizational_group_campus USING btree (name);


--
-- Name: organizatio_organiz_1d8bda_idx; Type: INDEX; Schema: public; Owner: postgres
--

CREATE INDEX organizatio_organiz_1d8bda_idx ON public.organizational_group_organizationalunit USING btree (organization_id);


--
-- Name: organizatio_person__948896_idx; Type: INDEX; Schema: public; Owner: postgres
--

CREATE INDEX organizatio_person__948896_idx ON public.organizational_group_organizationalunitleadership USING btree (person_id);


--
-- Name: organizatio_short_n_907f8e_idx; Type: INDEX; Schema: public; Owner: postgres
--

CREATE INDEX organizatio_short_n_907f8e_idx ON public.organizational_group_organizationalunit USING btree (short_name);


--
-- Name: organizatio_start_d_823c96_idx; Type: INDEX; Schema: public; Owner: postgres
--

CREATE INDEX organizatio_start_d_823c96_idx ON public.organizational_group_organizationalunitleadership USING btree (start_date);


--
-- Name: organizatio_type_id_dcc95f_idx; Type: INDEX; Schema: public; Owner: postgres
--

CREATE INDEX organizatio_type_id_dcc95f_idx ON public.organizational_group_organizationalunit USING btree (type_id);


--
-- Name: organizatio_unit_id_87d775_idx; Type: INDEX; Schema: public; Owner: postgres
--

CREATE INDEX organizatio_unit_id_87d775_idx ON public.organizational_group_organizationalunitleadership USING btree (unit_id, is_active);


--
-- Name: organizational_group_campus_code_2094df48_like; Type: INDEX; Schema: public; Owner: postgres
--

CREATE INDEX organizational_group_campus_code_2094df48_like ON public.organizational_group_campus USING btree (code varchar_pattern_ops);


--
-- Name: organizational_group_organ_initiative_id_ec957014; Type: INDEX; Schema: public; Owner: postgres
--

CREATE INDEX organizational_group_organ_initiative_id_ec957014 ON public.organizational_group_organizationalunit_initiatives USING btree (initiative_id);


--
-- Name: organizational_group_organ_knowledge_area_id_827e0e13; Type: INDEX; Schema: public; Owner: postgres
--

CREATE INDEX organizational_group_organ_knowledge_area_id_827e0e13 ON public.organizational_group_organizationalunit USING btree (knowledge_area_id);


--
-- Name: organizational_group_organ_knowledgearea_id_5b63235f; Type: INDEX; Schema: public; Owner: postgres
--

CREATE INDEX organizational_group_organ_knowledgearea_id_5b63235f ON public.organizational_group_organizationalunit_knowledge_areas USING btree (knowledgearea_id);


--
-- Name: organizational_group_organ_organization_id_b744757e; Type: INDEX; Schema: public; Owner: postgres
--

CREATE INDEX organizational_group_organ_organization_id_b744757e ON public.organizational_group_organizationalunit USING btree (organization_id);


--
-- Name: organizational_group_organ_organizationalunit_id_27b68b33; Type: INDEX; Schema: public; Owner: postgres
--

CREATE INDEX organizational_group_organ_organizationalunit_id_27b68b33 ON public.organizational_group_organizationalunit_knowledge_areas USING btree (organizationalunit_id);


--
-- Name: organizational_group_organ_organizationalunit_id_30463e98; Type: INDEX; Schema: public; Owner: postgres
--

CREATE INDEX organizational_group_organ_organizationalunit_id_30463e98 ON public.organizational_group_organizationalunit_members USING btree (organizationalunit_id);


--
-- Name: organizational_group_organ_organizationalunit_id_6c56e307; Type: INDEX; Schema: public; Owner: postgres
--

CREATE INDEX organizational_group_organ_organizationalunit_id_6c56e307 ON public.organizational_group_organizationalunit_initiatives USING btree (organizationalunit_id);


--
-- Name: organizational_group_organ_person_id_35dd5447; Type: INDEX; Schema: public; Owner: postgres
--

CREATE INDEX organizational_group_organ_person_id_35dd5447 ON public.organizational_group_organizationalunitleadership USING btree (person_id);


--
-- Name: organizational_group_organ_person_id_da111bed; Type: INDEX; Schema: public; Owner: postgres
--

CREATE INDEX organizational_group_organ_person_id_da111bed ON public.organizational_group_organizationalunit_members USING btree (person_id);


--
-- Name: organizational_group_organ_unit_id_ac77c832; Type: INDEX; Schema: public; Owner: postgres
--

CREATE INDEX organizational_group_organ_unit_id_ac77c832 ON public.organizational_group_organizationalunitleadership USING btree (unit_id);


--
-- Name: organizational_group_organization_name_c0b5dbb1_like; Type: INDEX; Schema: public; Owner: postgres
--

CREATE INDEX organizational_group_organization_name_c0b5dbb1_like ON public.organizational_group_organization USING btree (name varchar_pattern_ops);


--
-- Name: organizational_group_organizationaltype_code_ddc61fd5_like; Type: INDEX; Schema: public; Owner: postgres
--

CREATE INDEX organizational_group_organizationaltype_code_ddc61fd5_like ON public.organizational_group_organizationaltype USING btree (code varchar_pattern_ops);


--
-- Name: organizational_group_organizationaltype_name_0fb03818_like; Type: INDEX; Schema: public; Owner: postgres
--

CREATE INDEX organizational_group_organizationaltype_name_0fb03818_like ON public.organizational_group_organizationaltype USING btree (name varchar_pattern_ops);


--
-- Name: organizational_group_organizationalunit_campus_id_9977ed3b; Type: INDEX; Schema: public; Owner: postgres
--

CREATE INDEX organizational_group_organizationalunit_campus_id_9977ed3b ON public.organizational_group_organizationalunit USING btree (campus_id);


--
-- Name: organizational_group_organizationalunit_type_id_252109ea; Type: INDEX; Schema: public; Owner: postgres
--

CREATE INDEX organizational_group_organizationalunit_type_id_252109ea ON public.organizational_group_organizationalunit USING btree (type_id);


--
-- Name: people_pers_email_52ffb2_idx; Type: INDEX; Schema: public; Owner: postgres
--

CREATE INDEX people_pers_email_52ffb2_idx ON public.people_person USING btree (email);


--
-- Name: people_pers_email_664b97_idx; Type: INDEX; Schema: public; Owner: postgres
--

CREATE INDEX people_pers_email_664b97_idx ON public.people_personemail USING btree (email);


--
-- Name: people_pers_name_3035d1_idx; Type: INDEX; Schema: public; Owner: postgres
--

CREATE INDEX people_pers_name_3035d1_idx ON public.people_person USING btree (name);


--
-- Name: people_pers_person__7bb64e_idx; Type: INDEX; Schema: public; Owner: postgres
--

CREATE INDEX people_pers_person__7bb64e_idx ON public.people_personemail USING btree (person_id, is_primary);


--
-- Name: people_personemail_email_42ba3822_like; Type: INDEX; Schema: public; Owner: postgres
--

CREATE INDEX people_personemail_email_42ba3822_like ON public.people_personemail USING btree (email varchar_pattern_ops);


--
-- Name: people_personemail_person_id_ea437548; Type: INDEX; Schema: public; Owner: postgres
--

CREATE INDEX people_personemail_person_id_ea437548 ON public.people_personemail USING btree (person_id);


--
-- Name: auth_group_permissions auth_group_permissio_permission_id_84c5c92e_fk_auth_perm; Type: FK CONSTRAINT; Schema: public; Owner: postgres
--

ALTER TABLE ONLY public.auth_group_permissions
    ADD CONSTRAINT auth_group_permissio_permission_id_84c5c92e_fk_auth_perm FOREIGN KEY (permission_id) REFERENCES public.auth_permission(id) DEFERRABLE INITIALLY DEFERRED;


--
-- Name: auth_group_permissions auth_group_permissions_group_id_b120cbf9_fk_auth_group_id; Type: FK CONSTRAINT; Schema: public; Owner: postgres
--

ALTER TABLE ONLY public.auth_group_permissions
    ADD CONSTRAINT auth_group_permissions_group_id_b120cbf9_fk_auth_group_id FOREIGN KEY (group_id) REFERENCES public.auth_group(id) DEFERRABLE INITIALLY DEFERRED;


--
-- Name: auth_permission auth_permission_content_type_id_2f476e4b_fk_django_co; Type: FK CONSTRAINT; Schema: public; Owner: postgres
--

ALTER TABLE ONLY public.auth_permission
    ADD CONSTRAINT auth_permission_content_type_id_2f476e4b_fk_django_co FOREIGN KEY (content_type_id) REFERENCES public.django_content_type(id) DEFERRABLE INITIALLY DEFERRED;


--
-- Name: auth_user_groups auth_user_groups_group_id_97559544_fk_auth_group_id; Type: FK CONSTRAINT; Schema: public; Owner: postgres
--

ALTER TABLE ONLY public.auth_user_groups
    ADD CONSTRAINT auth_user_groups_group_id_97559544_fk_auth_group_id FOREIGN KEY (group_id) REFERENCES public.auth_group(id) DEFERRABLE INITIALLY DEFERRED;


--
-- Name: auth_user_groups auth_user_groups_user_id_6a12ed8b_fk_auth_user_id; Type: FK CONSTRAINT; Schema: public; Owner: postgres
--

ALTER TABLE ONLY public.auth_user_groups
    ADD CONSTRAINT auth_user_groups_user_id_6a12ed8b_fk_auth_user_id FOREIGN KEY (user_id) REFERENCES public.auth_user(id) DEFERRABLE INITIALLY DEFERRED;


--
-- Name: auth_user_user_permissions auth_user_user_permi_permission_id_1fbb5f2c_fk_auth_perm; Type: FK CONSTRAINT; Schema: public; Owner: postgres
--

ALTER TABLE ONLY public.auth_user_user_permissions
    ADD CONSTRAINT auth_user_user_permi_permission_id_1fbb5f2c_fk_auth_perm FOREIGN KEY (permission_id) REFERENCES public.auth_permission(id) DEFERRABLE INITIALLY DEFERRED;


--
-- Name: auth_user_user_permissions auth_user_user_permissions_user_id_a95ead1b_fk_auth_user_id; Type: FK CONSTRAINT; Schema: public; Owner: postgres
--

ALTER TABLE ONLY public.auth_user_user_permissions
    ADD CONSTRAINT auth_user_user_permissions_user_id_a95ead1b_fk_auth_user_id FOREIGN KEY (user_id) REFERENCES public.auth_user(id) DEFERRABLE INITIALLY DEFERRED;


--
-- Name: django_admin_log django_admin_log_content_type_id_c4bce8eb_fk_django_co; Type: FK CONSTRAINT; Schema: public; Owner: postgres
--

ALTER TABLE ONLY public.django_admin_log
    ADD CONSTRAINT django_admin_log_content_type_id_c4bce8eb_fk_django_co FOREIGN KEY (content_type_id) REFERENCES public.django_content_type(id) DEFERRABLE INITIALLY DEFERRED;


--
-- Name: django_admin_log django_admin_log_user_id_c564eba6_fk_auth_user_id; Type: FK CONSTRAINT; Schema: public; Owner: postgres
--

ALTER TABLE ONLY public.django_admin_log
    ADD CONSTRAINT django_admin_log_user_id_c564eba6_fk_auth_user_id FOREIGN KEY (user_id) REFERENCES public.auth_user(id) DEFERRABLE INITIALLY DEFERRED;


--
-- Name: initiatives_initiative initiatives_initiati_coordinator_id_0c376480_fk_people_pe; Type: FK CONSTRAINT; Schema: public; Owner: postgres
--

ALTER TABLE ONLY public.initiatives_initiative
    ADD CONSTRAINT initiatives_initiati_coordinator_id_0c376480_fk_people_pe FOREIGN KEY (coordinator_id) REFERENCES public.people_person(id) DEFERRABLE INITIALLY DEFERRED;


--
-- Name: initiatives_initiative initiatives_initiati_demanding_partner_id_2c50225b_fk_organizat; Type: FK CONSTRAINT; Schema: public; Owner: postgres
--

ALTER TABLE ONLY public.initiatives_initiative
    ADD CONSTRAINT initiatives_initiati_demanding_partner_id_2c50225b_fk_organizat FOREIGN KEY (demanding_partner_id) REFERENCES public.organizational_group_organization(id) DEFERRABLE INITIALLY DEFERRED;


--
-- Name: initiatives_initiative_knowledge_areas initiatives_initiati_initiative_id_66091bf5_fk_initiativ; Type: FK CONSTRAINT; Schema: public; Owner: postgres
--

ALTER TABLE ONLY public.initiatives_initiative_knowledge_areas
    ADD CONSTRAINT initiatives_initiati_initiative_id_66091bf5_fk_initiativ FOREIGN KEY (initiative_id) REFERENCES public.initiatives_initiative(id) DEFERRABLE INITIALLY DEFERRED;


--
-- Name: initiatives_initiative_team_members initiatives_initiati_initiative_id_acd44818_fk_initiativ; Type: FK CONSTRAINT; Schema: public; Owner: postgres
--

ALTER TABLE ONLY public.initiatives_initiative_team_members
    ADD CONSTRAINT initiatives_initiati_initiative_id_acd44818_fk_initiativ FOREIGN KEY (initiative_id) REFERENCES public.initiatives_initiative(id) DEFERRABLE INITIALLY DEFERRED;


--
-- Name: initiatives_initiative_students initiatives_initiati_initiative_id_c8d68b2a_fk_initiativ; Type: FK CONSTRAINT; Schema: public; Owner: postgres
--

ALTER TABLE ONLY public.initiatives_initiative_students
    ADD CONSTRAINT initiatives_initiati_initiative_id_c8d68b2a_fk_initiativ FOREIGN KEY (initiative_id) REFERENCES public.initiatives_initiative(id) DEFERRABLE INITIALLY DEFERRED;


--
-- Name: initiatives_initiative_knowledge_areas initiatives_initiati_knowledgearea_id_165c5d4c_fk_organizat; Type: FK CONSTRAINT; Schema: public; Owner: postgres
--

ALTER TABLE ONLY public.initiatives_initiative_knowledge_areas
    ADD CONSTRAINT initiatives_initiati_knowledgearea_id_165c5d4c_fk_organizat FOREIGN KEY (knowledgearea_id) REFERENCES public.organizational_group_knowledgearea(id) DEFERRABLE INITIALLY DEFERRED;


--
-- Name: initiatives_initiative initiatives_initiati_parent_id_e4b84ad0_fk_initiativ; Type: FK CONSTRAINT; Schema: public; Owner: postgres
--

ALTER TABLE ONLY public.initiatives_initiative
    ADD CONSTRAINT initiatives_initiati_parent_id_e4b84ad0_fk_initiativ FOREIGN KEY (parent_id) REFERENCES public.initiatives_initiative(id) DEFERRABLE INITIALLY DEFERRED;


--
-- Name: initiatives_initiative_team_members initiatives_initiati_person_id_5525885b_fk_people_pe; Type: FK CONSTRAINT; Schema: public; Owner: postgres
--

ALTER TABLE ONLY public.initiatives_initiative_team_members
    ADD CONSTRAINT initiatives_initiati_person_id_5525885b_fk_people_pe FOREIGN KEY (person_id) REFERENCES public.people_person(id) DEFERRABLE INITIALLY DEFERRED;


--
-- Name: initiatives_initiative_students initiatives_initiati_person_id_eaa56db1_fk_people_pe; Type: FK CONSTRAINT; Schema: public; Owner: postgres
--

ALTER TABLE ONLY public.initiatives_initiative_students
    ADD CONSTRAINT initiatives_initiati_person_id_eaa56db1_fk_people_pe FOREIGN KEY (person_id) REFERENCES public.people_person(id) DEFERRABLE INITIALLY DEFERRED;


--
-- Name: initiatives_initiative initiatives_initiati_type_id_401687ae_fk_initiativ; Type: FK CONSTRAINT; Schema: public; Owner: postgres
--

ALTER TABLE ONLY public.initiatives_initiative
    ADD CONSTRAINT initiatives_initiati_type_id_401687ae_fk_initiativ FOREIGN KEY (type_id) REFERENCES public.initiatives_initiativetype(id) DEFERRABLE INITIALLY DEFERRED;


--
-- Name: organizational_group_organizationalunit organizational_group_campus_id_9977ed3b_fk_organizat; Type: FK CONSTRAINT; Schema: public; Owner: postgres
--

ALTER TABLE ONLY public.organizational_group_organizationalunit
    ADD CONSTRAINT organizational_group_campus_id_9977ed3b_fk_organizat FOREIGN KEY (campus_id) REFERENCES public.organizational_group_campus(id) DEFERRABLE INITIALLY DEFERRED;


--
-- Name: organizational_group_organizationalunit_initiatives organizational_group_initiative_id_ec957014_fk_initiativ; Type: FK CONSTRAINT; Schema: public; Owner: postgres
--

ALTER TABLE ONLY public.organizational_group_organizationalunit_initiatives
    ADD CONSTRAINT organizational_group_initiative_id_ec957014_fk_initiativ FOREIGN KEY (initiative_id) REFERENCES public.initiatives_initiative(id) DEFERRABLE INITIALLY DEFERRED;


--
-- Name: organizational_group_organizationalunit organizational_group_knowledge_area_id_827e0e13_fk_organizat; Type: FK CONSTRAINT; Schema: public; Owner: postgres
--

ALTER TABLE ONLY public.organizational_group_organizationalunit
    ADD CONSTRAINT organizational_group_knowledge_area_id_827e0e13_fk_organizat FOREIGN KEY (knowledge_area_id) REFERENCES public.organizational_group_knowledgearea(id) DEFERRABLE INITIALLY DEFERRED;


--
-- Name: organizational_group_organizationalunit_knowledge_areas organizational_group_knowledgearea_id_5b63235f_fk_organizat; Type: FK CONSTRAINT; Schema: public; Owner: postgres
--

ALTER TABLE ONLY public.organizational_group_organizationalunit_knowledge_areas
    ADD CONSTRAINT organizational_group_knowledgearea_id_5b63235f_fk_organizat FOREIGN KEY (knowledgearea_id) REFERENCES public.organizational_group_knowledgearea(id) DEFERRABLE INITIALLY DEFERRED;


--
-- Name: organizational_group_organizationalunit organizational_group_organization_id_b744757e_fk_organizat; Type: FK CONSTRAINT; Schema: public; Owner: postgres
--

ALTER TABLE ONLY public.organizational_group_organizationalunit
    ADD CONSTRAINT organizational_group_organization_id_b744757e_fk_organizat FOREIGN KEY (organization_id) REFERENCES public.organizational_group_organization(id) DEFERRABLE INITIALLY DEFERRED;


--
-- Name: organizational_group_organizationalunit_knowledge_areas organizational_group_organizationalunit_i_27b68b33_fk_organizat; Type: FK CONSTRAINT; Schema: public; Owner: postgres
--

ALTER TABLE ONLY public.organizational_group_organizationalunit_knowledge_areas
    ADD CONSTRAINT organizational_group_organizationalunit_i_27b68b33_fk_organizat FOREIGN KEY (organizationalunit_id) REFERENCES public.organizational_group_organizationalunit(id) DEFERRABLE INITIALLY DEFERRED;


--
-- Name: organizational_group_organizationalunit_members organizational_group_organizationalunit_i_30463e98_fk_organizat; Type: FK CONSTRAINT; Schema: public; Owner: postgres
--

ALTER TABLE ONLY public.organizational_group_organizationalunit_members
    ADD CONSTRAINT organizational_group_organizationalunit_i_30463e98_fk_organizat FOREIGN KEY (organizationalunit_id) REFERENCES public.organizational_group_organizationalunit(id) DEFERRABLE INITIALLY DEFERRED;


--
-- Name: organizational_group_organizationalunit_initiatives organizational_group_organizationalunit_i_6c56e307_fk_organizat; Type: FK CONSTRAINT; Schema: public; Owner: postgres
--

ALTER TABLE ONLY public.organizational_group_organizationalunit_initiatives
    ADD CONSTRAINT organizational_group_organizationalunit_i_6c56e307_fk_organizat FOREIGN KEY (organizationalunit_id) REFERENCES public.organizational_group_organizationalunit(id) DEFERRABLE INITIALLY DEFERRED;


--
-- Name: organizational_group_organizationalunitleadership organizational_group_person_id_35dd5447_fk_people_pe; Type: FK CONSTRAINT; Schema: public; Owner: postgres
--

ALTER TABLE ONLY public.organizational_group_organizationalunitleadership
    ADD CONSTRAINT organizational_group_person_id_35dd5447_fk_people_pe FOREIGN KEY (person_id) REFERENCES public.people_person(id) DEFERRABLE INITIALLY DEFERRED;


--
-- Name: organizational_group_organizationalunit_members organizational_group_person_id_da111bed_fk_people_pe; Type: FK CONSTRAINT; Schema: public; Owner: postgres
--

ALTER TABLE ONLY public.organizational_group_organizationalunit_members
    ADD CONSTRAINT organizational_group_person_id_da111bed_fk_people_pe FOREIGN KEY (person_id) REFERENCES public.people_person(id) DEFERRABLE INITIALLY DEFERRED;


--
-- Name: organizational_group_organizationalunit organizational_group_type_id_252109ea_fk_organizat; Type: FK CONSTRAINT; Schema: public; Owner: postgres
--

ALTER TABLE ONLY public.organizational_group_organizationalunit
    ADD CONSTRAINT organizational_group_type_id_252109ea_fk_organizat FOREIGN KEY (type_id) REFERENCES public.organizational_group_organizationaltype(id) DEFERRABLE INITIALLY DEFERRED;


--
-- Name: organizational_group_organizationalunitleadership organizational_group_unit_id_ac77c832_fk_organizat; Type: FK CONSTRAINT; Schema: public; Owner: postgres
--

ALTER TABLE ONLY public.organizational_group_organizationalunitleadership
    ADD CONSTRAINT organizational_group_unit_id_ac77c832_fk_organizat FOREIGN KEY (unit_id) REFERENCES public.organizational_group_organizationalunit(id) DEFERRABLE INITIALLY DEFERRED;


--
-- Name: people_personemail people_personemail_person_id_ea437548_fk_people_person_id; Type: FK CONSTRAINT; Schema: public; Owner: postgres
--

ALTER TABLE ONLY public.people_personemail
    ADD CONSTRAINT people_personemail_person_id_ea437548_fk_people_person_id FOREIGN KEY (person_id) REFERENCES public.people_person(id) DEFERRABLE INITIALLY DEFERRED;


--
-- PostgreSQL database dump complete
--

\unrestrict 6TRfYVKXcr7bAVXxfuN9JrjU6hZZSkLROFMQKnC5aqvhCHrEQF2ggIc714mOtFF

